id,benchmark_id,benchmark,split,app,platform_type,task
mind2web-web-1001,m2w_task,Mind2Web,test,eventbrite,web,Search for a paid fishing class event on chicago
mind2web-web-1002,m2w_task,Mind2Web,test,nyc,web,check available hotels with one room for two adult in Harlem less than $200 to check in on Mar 17th and check out on Mar 20th
mind2web-web-1003,m2w_task,Mind2Web,test,jetblue,web,"Look for a business class flight to Paris from Salt Lake City on June 2, with a return on June 7, and checkout"
mind2web-web-1004,m2w_task,Mind2Web,test,soundcloud,web,Open my likes list.
mind2web-web-1005,m2w_task,Mind2Web,test,eventbrite,web,"Find out what popular events are being held this weekend in the category performing and visual arts near Chester, UK"
mind2web-web-1006,m2w_task,Mind2Web,test,mbta,web,Plan a bus trip going from the Boston Logan Airport to South Station
mind2web-web-1007,m2w_task,Mind2Web,test,mbta,web,"View the latest job openings in safety with a salary above 100k per annum, check the details, and apply."
mind2web-web-1008,m2w_task,Mind2Web,test,tvguide,web,Add The Wire to the watchlist.
mind2web-web-1009,m2w_task,Mind2Web,test,underarmour,web,Add a e-gift card to bag of $100 for recipient John and email address abc@test.com from buckeye.foobar@gmail.com with message gift card.
mind2web-web-1010,m2w_task,Mind2Web,test,foxsports,web,Add formula 1 to my followed sports.
mind2web-web-1011,m2w_task,Mind2Web,test,foxsports,web,add WWE superstar ALIYAH to your favorite by following her.
mind2web-web-1012,m2w_task,Mind2Web,test,foxsports,web,Search the latest story about NFL  and share it on facebook.
mind2web-web-1013,m2w_task,Mind2Web,test,tvguide,web,Find more films from the director of Smile.
mind2web-web-1014,m2w_task,Mind2Web,test,resy,web,"Add my birthday detail, January 5, 1980, and dairy and peanut allergy in my profile, also add love ramen noodles to my bio, and save."
mind2web-web-1015,m2w_task,Mind2Web,test,amtrak,web,Tell me more about the Adirondack route.
mind2web-web-1016,m2w_task,Mind2Web,test,ticketcenter,web,Find tickets between $200-300 for next Amy Grant concert
mind2web-web-1017,m2w_task,Mind2Web,test,ticketcenter,web,Find the mobile delivery tickets for the up coming event on march 23th at Columbus with low cast.
mind2web-web-1018,m2w_task,Mind2Web,test,booking,web,Get the cheapest hotel room for 1 adult with a free wifi in Seoul from 10th to 12th April for work purposes with no prepayment and a review score of 7+.
mind2web-web-1019,m2w_task,Mind2Web,test,uniqlo,web,"Show me the list of Men's Blazers, Black, Size M."
mind2web-web-1020,m2w_task,Mind2Web,test,newegg,web,"Look for an intern career within Newegg in City of Industry, California, USA, and bookmark it."
mind2web-web-1021,m2w_task,Mind2Web,test,tesla,web,Browse the used inventory of the Model Y with performance all-wheel drive.
mind2web-web-1022,m2w_task,Mind2Web,test,spothero,web,Book the cheapest parking spot near Bradley Airport
mind2web-web-1023,m2w_task,Mind2Web,test,sixflags,web,"Find a place to stay near Great Escape New Park from April 21 to April 24 for 2 adults and 1 kid, and book the cheapest themed room."
mind2web-web-1024,m2w_task,Mind2Web,test,sixflags,web,Apply for a job on the Six Flags White Water park
mind2web-web-1025,m2w_task,Mind2Web,test,sixflags,web,What are the family rides available at frontier city?
mind2web-web-1026,m2w_task,Mind2Web,test,booking,web,"Book a one-way, fastest, and most flexible direct flight ticket for two from Banglore to Goa on March 29 evening."
mind2web-web-1027,m2w_task,Mind2Web,test,gamestop,web,"Show me reviews for Elden Ring, best to worst."
mind2web-web-1028,m2w_task,Mind2Web,test,redbox,web,Browse newly released movies and filter by genre to find a comedy to rent.
mind2web-web-1029,m2w_task,Mind2Web,test,last.fm,web,Find the top rated indie rock music track and set the track as current obsession and after that watch all other obsessions too.
mind2web-web-1030,m2w_task,Mind2Web,test,ign,web,Find an editor's choice review with a score of 10 in the boardgame category.
mind2web-web-1031,m2w_task,Mind2Web,test,ign,web,"Find a walkthrough for the game ""The Legend of Zelda: Breath of the Wild""."
mind2web-web-1032,m2w_task,Mind2Web,test,discogs,web,Find the most wanted contemporary Jazz album in the US from the last decade.
mind2web-web-1033,m2w_task,Mind2Web,test,discogs,web,Find the name of Depeche mode's latest album and add it to my wantlist.
mind2web-web-1034,m2w_task,Mind2Web,test,discogs,web,Open the page with a overview about the submission of releases.
mind2web-web-1035,m2w_task,Mind2Web,test,discogs,web,Browse a list of rock vinyls shipped from Germany.
mind2web-web-1036,m2w_task,Mind2Web,test,underarmour,web,"Add five of red 50-dollar gift carts to the cart, during checkout, check if coupon 100OFF is working or not."
mind2web-web-1037,m2w_task,Mind2Web,test,rottentomatoes,web,View all of the Most Popular TV on RT.
mind2web-web-1038,m2w_task,Mind2Web,test,bookdepository,web,Find the latest Game of Thrones toys  for English speakers and add the top two  result to the cart and checkout.
mind2web-web-1039,m2w_task,Mind2Web,test,qatarairways,web,Check travel requirements for trips between Tokyo and Guangzhou.
mind2web-web-1040,m2w_task,Mind2Web,test,ikea,web,"Find a store in Tempe, Arizona,  make it my store, and then visit the store page and see whats happening in store."
mind2web-web-1041,m2w_task,Mind2Web,test,ikea,web,"Find a bedroom nightstand made from solid wood and compare the top three highest-rated products, and show only the differences."
mind2web-web-1042,m2w_task,Mind2Web,test,budget,web,Choose a car which is closest to 10001 New York City for 1 day.
mind2web-web-1043,m2w_task,Mind2Web,test,rentalcars,web,Find a large car with lowest price from Mar 28 to Apr 1 in Zurich.
mind2web-web-1044,m2w_task,Mind2Web,test,soundcloud,web,"Explore the trending playlists,filter by tag #Electronics, play Countdown by Adrien Brunelat and like it."
mind2web-web-1045,m2w_task,Mind2Web,test,gamestop,web,Find me the cheapest external HD for an Xbox One.
mind2web-web-1046,m2w_task,Mind2Web,test,last.fm,web,"Find the top number one track by the artist ""Alan Tam"" of all time."
mind2web-web-1047,m2w_task,Mind2Web,test,menards,web,Add the pre made College Supply List to my list.
mind2web-web-1048,m2w_task,Mind2Web,test,amtrak,web,check the national cafe menu
mind2web-web-1049,m2w_task,Mind2Web,test,amctheatres,web,Check my AMC gift card balance with gift card number 87654321 and pin number 9753.
mind2web-web-1050,m2w_task,Mind2Web,test,sixflags,web,"Add two Maryla
nd park all-season go-cart passes add-on in the cart, and choose the digital ticket option."
mind2web-web-1051,m2w_task,Mind2Web,test,imdb,web,Give a 10 rating to The Terminator II: Judgement Day.
mind2web-web-1052,m2w_task,Mind2Web,test,kayak,web,Check travel restrictions when traveling from US to Cambodia.
mind2web-web-1053,m2w_task,Mind2Web,test,carnival,web,Search for a 10 day cruise to Alaska from San Francisco in June 2023.
mind2web-web-1054,m2w_task,Mind2Web,test,apple,web,Find technical specs for the latest Macbook Air.
mind2web-web-1055,m2w_task,Mind2Web,test,target,web,Add a set of queen-sized bed sheets with at least a 4-star rating to the cart.
mind2web-web-1056,m2w_task,Mind2Web,test,target,web,Find the 24 count cheapest septic safe mega-size toiler paper in buy-and-save offers and add to the cart for pick-up.
mind2web-web-1057,m2w_task,Mind2Web,test,amazon,web,"Search for ""you are Amazing"" congrats gift card which can be printed and folded at home, priced between 50 and 100, and add two 50-dollar cards to the cart."
mind2web-web-1058,m2w_task,Mind2Web,test,cabelas,web,Enter the bargain cave to buy a 9 mm pistol from the clearance sale and that has an average rating of 4 and 5.
mind2web-web-1059,m2w_task,Mind2Web,test,flightaware,web,Find discussions of community and open one with most replies.
mind2web-web-1060,m2w_task,Mind2Web,test,last.fm,web,Set the first recommended song on the homepage as a current obsession
mind2web-web-1061,m2w_task,Mind2Web,test,store.steampowered,web,Find newest farming & crafting simulation games that are free.
mind2web-web-1062,m2w_task,Mind2Web,test,bookdepository,web,Browse books by author Stephen King in German.
mind2web-web-1063,m2w_task,Mind2Web,test,ticketcenter,web,"Find upcoming NBA games of the Miami Heat and book the 5 level 320 tickets for Sunday, April 16."
mind2web-web-1064,m2w_task,Mind2Web,test,jetblue,web,Book the cheapest economy flight between Miami and Nairobi for two adults on May 4 with a return option on May 8.
mind2web-web-1065,m2w_task,Mind2Web,test,spothero,web,Contact the support service.
mind2web-web-1066,m2w_task,Mind2Web,test,spothero,web,Search for Monthly Parking Starting april 12 near Florida Keys
mind2web-web-1067,m2w_task,Mind2Web,test,ryanair,web,Check the availability of 2 adult and 2 child tickets for most popular FamilyFriendly Event in Denmark on 25th march.
mind2web-web-1068,m2w_task,Mind2Web,test,menards,web,Add a front load washing machine under $800 to the cart.
mind2web-web-1069,m2w_task,Mind2Web,test,boardgamegeek,web,Add the #1 and #2 ranked boardgame to a collection.
mind2web-web-1070,m2w_task,Mind2Web,test,yellowpages,web,"Get the nearest attorney in West Hollywood, Florida, who can handle drug charges, accepts credit cards, and speaks Spanish."
mind2web-web-1071,m2w_task,Mind2Web,test,yellowpages,web,Look for hair salon coupons in San Diego.
mind2web-web-1072,m2w_task,Mind2Web,test,carmax,web,"Find Chevrolet Silverado with black exterior color and maximum value of $30,000."
mind2web-web-1073,m2w_task,Mind2Web,test,carmax,web,Search for a full-time job in sales in Springfield and apply for the most recent job.
mind2web-web-1074,m2w_task,Mind2Web,test,budget,web,"Find only SUVs & Wagons that can be picked up at SFO on April 20, 2023 and returned on April 27, 2023."
mind2web-web-1075,m2w_task,Mind2Web,test,airbnb,web,Find morning sports experiences in english for one adult and 2 children in portugal on may 2
mind2web-web-1076,m2w_task,Mind2Web,test,rei,web,Add a pair of large Yaktrax traction cleats to the cart.
mind2web-web-1077,m2w_task,Mind2Web,test,new.mta.info,web,Find the list of all neighborhood maps for Brooklyn
mind2web-web-1078,m2w_task,Mind2Web,test,new.mta.info,web,"check all jobs position available by department in Downtown, Manhattan."
mind2web-web-1079,m2w_task,Mind2Web,test,gamestop,web,Find the closest in-store Gamestop location within 50 miles of 21122.
mind2web-web-1080,m2w_task,Mind2Web,test,imdb,web,"Show crazy credits for the movie "" Prometheus""."
mind2web-web-1081,m2w_task,Mind2Web,test,imdb,web,Find the most popular movies and showcase those with the highest IMDb ratings.
mind2web-web-1082,m2w_task,Mind2Web,test,airbnb,web,Show me cooking online experiences for 4 people on  may 10
mind2web-web-1083,m2w_task,Mind2Web,test,espn,web,Find the statistics of the player Cristiano Ronaldo for the national team of Portugal in all the world cups.
mind2web-web-1084,m2w_task,Mind2Web,test,espn,web,Check the Italian Serie A Schedule fixtures on April 8th 2023
mind2web-web-1085,m2w_task,Mind2Web,test,newegg,web,"Make a build list with AI for a gaming pc with ryzen 9,rtx 6950xt and  price $2000-$2500."
mind2web-web-1086,m2w_task,Mind2Web,test,resy,web,"View top-rated new restaurants in Toronto and book a table for two for lunch on April 22, am in any Malaysian restaurant after 9 pm for dinner services."
mind2web-web-1087,m2w_task,Mind2Web,test,kohls,web,Get the lowest priced women's plus size one piece swimsuit in color black with customer rating of atleat 5.
mind2web-web-1088,m2w_task,Mind2Web,test,amtrak,web,Find Auto train going from Moynihan to Chicago IL leaving on April 22nd to 29th for 2 adult.
mind2web-web-1089,m2w_task,Mind2Web,test,yelp,web,Get the most reviewed shopping store that accepts apple pay in Central New York.
mind2web-web-1090,m2w_task,Mind2Web,test,apple,web,Add Pro Display XDR with nano texture to bag with all the accessories and check total.
mind2web-web-1091,m2w_task,Mind2Web,test,carnival,web,Book an interior room for over 10 days on a cruise for two people from Brisbane to Papua New Guinea leaving November 2024. Check out with default options and pay in full.
mind2web-web-1092,m2w_task,Mind2Web,test,kbb,web,Browse used Audi cars made before 2015 and sort by lowest price
mind2web-web-1093,m2w_task,Mind2Web,test,kbb,web,Browse used Mercedes cars made between 2004 to 2012 and sort by highest price
mind2web-web-1094,m2w_task,Mind2Web,test,carmax,web,Find a 2022 Tesla Model 3.
mind2web-web-1095,m2w_task,Mind2Web,test,yellowpages,web,Find a dentist for teeth whitening in Chicago.
mind2web-web-1096,m2w_task,Mind2Web,test,exploretock,web,"check all restaurant available in Buchanan, MI to book a dine in reservation with Spanish cuisine for 2 guest at 8pm on 18th of March."
mind2web-web-1097,m2w_task,Mind2Web,test,menards,web,Add a Swivel vacuum under $150 to my cart.
mind2web-web-1098,m2w_task,Mind2Web,test,rei,web,Sign up for a REI Co-Op membership.
mind2web-web-1099,m2w_task,Mind2Web,test,rei,web,Select a E-Gift card with Congrats design and add to cart with Best Wishes as a message. Send it to James Smith with email abc@abc.com
mind2web-web-1100,m2w_task,Mind2Web,test,united,web,Show me the options for a roundtrip leaving from las vegas on flexile dates on the interactive map
mind2web-web-1101,m2w_task,Mind2Web,test,yelp,web,"Search Cantonese food near Chicago, IL that are open now and priced $$."
mind2web-web-1102,m2w_task,Mind2Web,test,target,web,Browse throw pillows and filter by black and decorative sets.
mind2web-web-1103,m2w_task,Mind2Web,test,target,web,Search for job in Miami Florida in Human resources.
mind2web-web-1104,m2w_task,Mind2Web,test,nyc,web,"Find 2 tickets to see the New York Yankees play on March 30, 2023 and filter to show price including fees."
mind2web-web-1105,m2w_task,Mind2Web,test,foxsports,web,Check the current standings for MLS.
mind2web-web-1106,m2w_task,Mind2Web,test,nfl,web,Find the current NFL standings for the AFC East division and determine which team is in first place.
mind2web-web-1107,m2w_task,Mind2Web,test,cargurus,web,Search for the lowest millage used Honda Crosstour 2012 to 2013 near 49102 less than $25000.
mind2web-web-1108,m2w_task,Mind2Web,test,viator,web,Find a list of Tours that contain visits to the Louvre rated 5 stars
mind2web-web-1109,m2w_task,Mind2Web,test,budget,web,"Find cars that can be picked up at SFO on April 20, 2023 and returned on April 27, 2023."
mind2web-web-1110,m2w_task,Mind2Web,test,budget,web,Download the e-receipt with the last name Smith and confirmation number X123456989.
mind2web-web-1111,m2w_task,Mind2Web,test,budget,web,"Book a Standard SUV to pick up on 10001 on april 10, 2023 for one day"
mind2web-web-1112,m2w_task,Mind2Web,test,budget,web,Find and select the car with the most number of seats to pick up in a top airport location in alabama on april 10
mind2web-web-1113,m2w_task,Mind2Web,test,travelzoo,web,Find the cheapest Disney theme parks with water rides and reserve the deal.
mind2web-web-1114,m2w_task,Mind2Web,test,newegg,web,Find a new drone priced between 25 to 50 dollar and ships from USA with average customer rating of 4 and upwards and save the search at the end.
mind2web-web-1115,m2w_task,Mind2Web,test,kayak,web,"search the cheapest small car rental deals from Little Ferry, New Jersey, United States on 23th March to same location dropoff on april 4th 2pm."
mind2web-web-1116,m2w_task,Mind2Web,test,agoda,web,"Find a resort near Patong beach in Phuket, Thailand nearest to the airport from May 9 to May 12 for two with a pay-later option."
mind2web-web-1117,m2w_task,Mind2Web,test,kohls,web,Browse the clearance section and filter for women's dresses in size small.
mind2web-web-1118,m2w_task,Mind2Web,test,us.megabus,web,Find information about what I should do when I lose an item on a bus.
mind2web-web-1119,m2w_task,Mind2Web,test,rei,web,"Book a place on the next available mountain biking class running within 100 miles of New York City for Joe Bloggs. The email address is joe@joebloggs.com and the phone number is 1111111111. Emergency contact's name is June and phone number is 2222222222. The gear sizing is 6 ft height
."
mind2web-web-1120,m2w_task,Mind2Web,test,sixflags,web,"Find thrill rides in Six Flags Great America, Chicago, IL."
mind2web-web-1121,m2w_task,Mind2Web,test,yelp,web,Create a new Collection Car Wash and Find the most reviewed car wash in San Francisco and save it in the new ccllection
mind2web-web-1122,m2w_task,Mind2Web,test,redbox,web,Find devices that support Live TV  on demand streaming.
mind2web-web-1123,m2w_task,Mind2Web,test,redbox,web,"Add the movie ""The Shawshank Redemption"" to your wishlist."
mind2web-web-1124,m2w_task,Mind2Web,test,qatarairways,web,"On April 21, look up a flight from Mumbai to Stockholm."
mind2web-web-1125,m2w_task,Mind2Web,test,united,web,Check in with confirmation number 10987654 for my flight with last name Lewis.
mind2web-web-1126,m2w_task,Mind2Web,test,yelp,web,"Show the highest-rated boxing gym with a personal training facility and Monthly membership options in Dallas, Texas"
mind2web-web-1127,m2w_task,Mind2Web,test,cvs,web,Signup for virtual healthcare visit.
mind2web-web-1128,m2w_task,Mind2Web,test,foxsports,web,Find the schedule for upcoming MLB games for the New York Yankees.
mind2web-web-1129,m2w_task,Mind2Web,test,flightaware,web,"Find solutions for Airport and fill the contact form with message to ""Send Brochure"". Contact information John Smith. Email: abc@abc.com. Phone #: 88889999"
mind2web-web-1130,m2w_task,Mind2Web,test,flightaware,web,Compare available plans for the AeroAPI.
mind2web-web-1131,m2w_task,Mind2Web,test,flightaware,web,Find flights going from Indira Gandhi to Los Cabos.
mind2web-web-1132,m2w_task,Mind2Web,test,instacart,web,Find grocery deals at Costco
mind2web-web-1133,m2w_task,Mind2Web,test,last.fm,web,Play spiking track which is at number 1.
mind2web-web-1134,m2w_task,Mind2Web,test,last.fm,web,Share a Blackpink event on Twitter.
mind2web-web-1135,m2w_task,Mind2Web,test,ultimate-guitar,web,"Find the ""Rock And Roll Over"" reviews"
mind2web-web-1136,m2w_task,Mind2Web,test,koa,web,Browse hot deals near zip code 10019.
mind2web-web-1137,m2w_task,Mind2Web,test,koa,web,Browse Myrtle Beach sites with a hot tub for three nights starting on June 20th.
mind2web-web-1138,m2w_task,Mind2Web,test,koa,web,Find a campground in Orlando for 2 adults to check-in in mar 29 and check out in mar 30
mind2web-web-1139,m2w_task,Mind2Web,test,kayak,web,"Track flight with number D145 of Qatar Airways on April 18t
h."
mind2web-web-1140,m2w_task,Mind2Web,test,delta,web,Check all available one way flights for a single passenger from Manhattan to Philadelphia on May 23rd in first class.
mind2web-web-1141,m2w_task,Mind2Web,test,carmax,web,Find Toyota Corolla from the year 2018 to 2023 in red color.
mind2web-web-1142,m2w_task,Mind2Web,test,budget,web,Show me the options for vans to rent in Portugal Cove in USD
mind2web-web-1143,m2w_task,Mind2Web,test,united,web,"Find one way flights for one person from Sacramento to Houston IAH on June 2, 2023 that can be booked using miles."
mind2web-web-1144,m2w_task,Mind2Web,test,yellowpages,web,"Find the top-rated bar and grill restaurant in Miami, Florida that has live music and is good for groups."
mind2web-web-1145,m2w_task,Mind2Web,test,espn,web,What are the upcoming soccer events on ESPN2?
mind2web-web-1146,m2w_task,Mind2Web,test,espn,web,Find the team schedule of the Brooklyn Nets
mind2web-web-1147,m2w_task,Mind2Web,test,soundcloud,web,"Find an Indian classical track longer than 30 minutes which has been added in the past month and add to playlist named Meditation Music, if playlist not found create one."
mind2web-web-1148,m2w_task,Mind2Web,test,qatarairways,web,Find travel requirements from Amsterdam to Cairo.
mind2web-web-1149,m2w_task,Mind2Web,test,parking,web,"Search for parking near restaurants in Boston and find a parking spot near Hard Rock Cafe for an oversized car from 9 to 11 pm on May 11, and ensure that the pre-purchase and open gate with phone option is available."
mind2web-web-1150,m2w_task,Mind2Web,test,parking,web,"Look for outdoor parking in Arlington, Virgina near 5601 Chapin Ave, Alexandria, where I can pay with my phone and charge my car on April 27 from 10 am to April 28, 10 am."
mind2web-web-1151,m2w_task,Mind2Web,test,parking,web,Find the cheapest parking spot in 10001.
mind2web-web-1152,m2w_task,Mind2Web,test,cabelas,web,Find 5 star rated saltwater rods.
mind2web-web-1153,m2w_task,Mind2Web,test,eventbrite,web,What are the food festivals happening in Colorado This weekend?
mind2web-web-1154,m2w_task,Mind2Web,test,eventbrite,web,Find if any free fashion conventions are happening in San Fransisco and if found save the top three results.
mind2web-web-1155,m2w_task,Mind2Web,test,yellowpages,web,"Browse through the Las Vegas city guide and find message services nearest to Henderson, the service provider should have a BBB rating of A+."
mind2web-web-1156,m2w_task,Mind2Web,test,united,web,"Find a vacation package including the cheapest flight, hotel, and car with basic economy fares between New York and Las Vegas from May 16 to May 24, and book 2 rooms for 4 adults in 4 and 5-star hotels with the casino."
mind2web-web-1157,m2w_task,Mind2Web,test,marriott,web,Check balance of gift card no. 1234567 with pin 0001
mind2web-web-1158,m2w_task,Mind2Web,test,marriott,web,Find the cheapest single room in Dubai Marriott or Sheraton for two adults and a child under one between May 7 and May 10
mind2web-web-1159,m2w_task,Mind2Web,test,kohls,web,"Find direction to a store in Ohio, Cincinnati which does't have Sephora in it."
mind2web-web-1160,m2w_task,Mind2Web,test,kohls,web,Browse coffee makers that are rated 5 stars.
mind2web-web-1161,m2w_task,Mind2Web,test,kayak,web,Browse medium cars for rent for a week in Las Vegas starting on Jun 5.
mind2web-web-1162,m2w_task,Mind2Web,test,united,web,Find Hotel in Chicago with lowest price for 2 adults checking in on Apr 14 for 3 days.
mind2web-web-1163,m2w_task,Mind2Web,test,apple,web,Compare Apple watches and  learn more about the ultra version.
mind2web-web-1164,m2w_task,Mind2Web,test,apple,web,Check the status of your iPhone repair.
mind2web-web-1165,m2w_task,Mind2Web,test,jetblue,web,"Find cheapest flight from New York to Toronto, Canada on 29 April."
mind2web-web-1166,m2w_task,Mind2Web,test,nfl,web,Show me the scores for the 2019 super bowl
mind2web-web-1167,m2w_task,Mind2Web,test,ryanair,web,Find a flight from Dresden to anywhere under $100
mind2web-web-1168,m2w_task,Mind2Web,test,uniqlo,web,"Find black shorts in XXL or 3XL sizes for sale under men department, add the top product to the cart."
mind2web-web-1169,m2w_task,Mind2Web,test,united,web,Open the baggage fee calculator.
mind2web-web-1170,m2w_task,Mind2Web,test,yellowpages,web,"Find a person by address Nice st - 1234, Good, FL."
mind2web-web-1171,m2w_task,Mind2Web,test,yellowpages,web,Find medicaid covered dentists sorted by distance.
mind2web-web-1172,m2w_task,Mind2Web,test,yellowpages,web,Show list of popular businesses in Cleveland.
mind2web-web-1173,m2w_task,Mind2Web,test,ultimate-guitar,web,upvote a comment on the most relevant kiss chords & tabs
mind2web-web-1174,m2w_task,Mind2Web,test,qatarairways,web,Find the weight of baggage allowance for economy class on a flight from Japan to Iran.
mind2web-web-1175,m2w_task,Mind2Web,test,kayak,web,"Book the lowest-priced train or bus from Alexandria, Washington to Penn Station, New York, on May 3 for a single traveler."
mind2web-web-1176,m2w_task,Mind2Web,test,target,web,Get the frozen vegan cheese pizza between 5 to 10 usd.
mind2web-web-1177,m2w_task,Mind2Web,test,marriott,web,Start the process of buying a gift card with a beach theme.
mind2web-web-1178,m2w_task,Mind2Web,test,soundcloud,web,"Search for the playlists ""Pop Workout mix"" and filtered by tag #Dance & edm."
mind2web-web-1179,m2w_task,Mind2Web,test,ryanair,web,"Book two rooms for four adults in a 5-star hotel with pool, minibar, bathtub, and spa facilities, that are nearest to the city center in Dubai from June 13 to 16."
mind2web-web-1180,m2w_task,Mind2Web,test,amtrak,web,Show me schedules for the Blue water route on Wednesdays
mind2web-web-1181,m2w_task,Mind2Web,test,aa,web,Book the lowest-priced and quickest flight for 5 adults and 1 child on May 20 from Mumbai to any airport near Washington.
mind2web-web-1182,m2w_task,Mind2Web,test,aa,web,"Find a flight for three adults from New York to New Orleans on April 14, return on April 16."
mind2web-web-1183,m2w_task,Mind2Web,test,kayak,web,Look up round trip flights for 1 person to Japan at the Narita airport departing on 6/16 and returning on 6/23.
mind2web-web-1184,m2w_task,Mind2Web,test,sixflags,web,Find me the deals available for the Great escape park
mind2web-web-1185,m2w_task,Mind2Web,test,rentalcars,web,"Find a car to rent in Detroit, MI for pick up on April 2 and drop-off on April 3, both at 11AM, only show cars from Enterprise and Avis"
mind2web-web-1186,m2w_task,Mind2Web,test,rentalcars,web,"Rent a small air-conditioned car with collision damage coverage from the Liverpool Airport car rental center for pick-up on May 5, 11:30 am, and drop-off on May 7, 11 am."
mind2web-web-1187,m2w_task,Mind2Web,test,rentalcars,web,"Get cheapest medium car with like for like fuel policy from the Boston airport shuttle at 4 pm on April 16th and drop it off the next day at 3:30 pm,if booking is not available on that day, move the booking a day further and try to book again
."
mind2web-web-1188,m2w_task,Mind2Web,test,amtrak,web,"Book the lowest priced auto train ticket for Mayank Raheja who is deep an need seat in lower level, is carrying a bike but has no service animal,needs assistance from Lorton to Sanford on June 10 between 12 to 6 pm."
mind2web-web-1189,m2w_task,Mind2Web,test,kbb,web,"Find a manufacturer-certified Chevrolet truck for sale within 10 miles of zip 42701, if found schedule a test drive for James Smith on April 17 at 4 pm."
mind2web-web-1190,m2w_task,Mind2Web,test,expedia,web,"Find a vacation home in Orlando with a private pool, at least three bedrooms, and availability for the first week of December."
mind2web-web-1191,m2w_task,Mind2Web,test,discogs,web,Search for groups about rap and join the second one.
mind2web-web-1192,m2w_task,Mind2Web,test,discogs,web,Show me a list of electronic music dvds in very good condition.
mind2web-web-1193,m2w_task,Mind2Web,test,newegg,web,Find bluetooth vertical mouse with most reviews and add two to my shopping cart..
mind2web-web-1194,m2w_task,Mind2Web,test,ign,web,Find games that are availble and  free with ING plus rewards.
mind2web-web-1195,m2w_task,Mind2Web,test,mbta,web,"Schedule an appointment to apply for transportation access pass in  the Charlie Card store on May 8, 10:15 am, fill in my details (James Smith, james.smith@gmail.com), and book."
mind2web-web-1196,m2w_task,Mind2Web,test,menards,web,Find the weekly ad for the store closest to zip code 82718
mind2web-web-1197,m2w_task,Mind2Web,test,menards,web,Create a new list called Bathroom Remodeling
mind2web-web-1198,m2w_task,Mind2Web,test,gamestop,web,Find Playstation 5 digital edition
mind2web-web-1199,m2w_task,Mind2Web,test,exploretock,web,"Book a dine in reserveration in New Delhi for 5 Guests on 22nd March, 7:00 pm, terrace seating arrangement preferred."
mind2web-web-1200,m2w_task,Mind2Web,test,travelzoo,web,What are the cheapest hotel options for a luxury trip in Chicago during summer
mind2web-web-1201,m2w_task,Mind2Web,test,agoda,web,Find a apartment in New Delhi for 5 days starting April 11.
mind2web-web-1202,m2w_task,Mind2Web,test,agoda,web,Book a flight for 2 adults from Belo Horizonte to Buenos Aires on April 24
mind2web-web-1203,m2w_task,Mind2Web,test,amazon,web,"Add a set of wireless headphones to your cart with a budget of $100 or less, that has an active noise-cancelling feature."
mind2web-web-1204,m2w_task,Mind2Web,test,delta,web,Find flights from Seattle to New York on June 5th and only show those that can be purchased with miles.
mind2web-web-1205,m2w_task,Mind2Web,test,marriott,web,Book a room from Apr 30 to Jun 5 for two adults in Tallahassee.
mind2web-web-1206,m2w_task,Mind2Web,test,ryanair,web,"Find a hotel in Dublin, Ireland for May 2nd to May 8th for 2 adults and 1 room."
mind2web-web-1207,m2w_task,Mind2Web,test,ryanair,web,Show me tickets for food and drink attractions in Ireland from April 11 to April 12
mind2web-web-1208,m2w_task,Mind2Web,test,ryanair,web,"Search for a one way flight from Dublin to Malta on April 22, 2023 for 2 adults."
mind2web-web-1209,m2w_task,Mind2Web,test,cabelas,web,Look for the lowest priced new aluminum fish boat within 100 miles of Iowa state zip 52554 and call for price.
mind2web-web-1210,m2w_task,Mind2Web,test,cabelas,web,show the Life Vests priced between $100 and $200.
mind2web-web-1211,m2w_task,Mind2Web,test,underarmour,web,Locate a store in New York 10007 and view store timings.
mind2web-web-1212,m2w_task,Mind2Web,test,uniqlo,web,Find the page with instructions on how to return orders online.
mind2web-web-1213,m2w_task,Mind2Web,test,travelzoo,web,Search for the best-rated multi-city 10+ night European cruise deal under 999 dollars and book.
mind2web-web-1214,m2w_task,Mind2Web,test,mbta,web,Show schedule for East Boston Ferry outbound Lewis Wharf and Long Wharf (North) stop.
mind2web-web-1215,m2w_task,Mind2Web,test,budget,web,"Find lowest price SUV  for a partner AARP SUV deal discount for pickup Roanoke Regional Airport, ROA Sat, Apr 05, 12:00 PM and drop off on April 10th."
mind2web-web-1216,m2w_task,Mind2Web,test,budget,web,"Find the cheapest free SUV upgrade deal with a pay-later option for an Australian for a pick up on June 2, 11 am, and drop off on June 6 at 4:30 pm from Ontario International Airport."
mind2web-web-1217,m2w_task,Mind2Web,test,marriott,web,Browse Marriott Bonvoy credit cards.
mind2web-web-1218,m2w_task,Mind2Web,test,eventbrite,web,Show me health-related online classes.
mind2web-web-1219,m2w_task,Mind2Web,test,ign,web,Find a walkthrough guide for Assassin's Creed Valhalla.
mind2web-web-1220,m2w_task,Mind2Web,test,kohls,web,Browse men's winter coats in size large that is on clearance.
mind2web-web-1221,m2w_task,Mind2Web,test,amtrak,web,Tell me information about what identification I need to bring on my trip.
mind2web-web-1222,m2w_task,Mind2Web,test,nyc,web,Show me the best city tours.
mind2web-web-1223,m2w_task,Mind2Web,test,sports.yahoo,web,Find the last game of the season for the Toronto Raptors.
mind2web-web-1224,m2w_task,Mind2Web,test,kohls,web,Show me products from Calvin Klein brand menswear list.
mind2web-web-1225,m2w_task,Mind2Web,test,travelzoo,web,Find adventure cruises under $999 for Alaska
mind2web-web-1226,m2w_task,Mind2Web,test,newegg,web,Add the cheapest SSD to my cart
mind2web-web-1227,m2w_website,Mind2Web,test,trip,web,Select a high speed train ticket with a departure time before 23:00  from Shanghai to Beijing.
mind2web-web-1228,m2w_website,Mind2Web,test,trip,web,Find the earliest departure round-trip flight from New York City to Bangkok for travel dates between Jun 1st and Jul 15th.
mind2web-web-1229,m2w_website,Mind2Web,test,trip,web,"Find the cheapest 3-star hotel with a guest rating of 4 stars for booking two rooms in Pune, India, for 4 Adults and one 4 year child, near the airport with a check-in date of March 26 and checkout date of March 28."
mind2web-web-1230,m2w_website,Mind2Web,test,trip,web,Book a first class flight from Hong kong to Taipei leaving April 13 and returning April 14
mind2web-web-1231,m2w_website,Mind2Web,test,trip,web,Book a rental car in LAX for 3 days starting on May 1st with a pick-up time of 10 AM and a drop-off time of 2 PM.
mind2web-web-1232,m2w_website,Mind2Web,test,recreation.gov,web,Find historical tours in Washington DC in May which are available for booking
mind2web-web-1233,m2w_website,Mind2Web,test,recreation.gov,web,Find the park that offers the cheapest paddling permits.
mind2web-web-1234,m2w_website,Mind2Web,test,recreation.gov,web,Find a day use park that offers horseback riding near Nashville.
mind2web-web-1235,m2w_website,Mind2Web,test,shopping.google,web,"Find best reviewed 27""-32"" Samsung or LG computer monitors nearby which have 4k, IPS display"
mind2web-web-1236,m2w_website,Mind2Web,test,tripadvisor,web,Book cheapest available tickets of Eiffel tower in Paris for 2 adults.
mind2web-web-1237,m2w_website,Mind2Web,test,tripadvisor,web,"Hire a trip designer for Egypt during 1 to 4 July for a family vacation for 2 adults and a 8 year child with a budget between 4k to 6k. The trip should include mus
t-see attractions, local cuisine, history, shopping, and local traditions as an adventure."
mind2web-web-1238,m2w_website,Mind2Web,test,cars,web,Find the seller info and seller's notes about used car model 2013  BMW 135 with a max price of $4000
mind2web-web-1239,m2w_website,Mind2Web,test,cars,web,"Calculate the estimated car loan payment amount for an average credit-rated person for a 15,000-dollar car with a down payment of 2000 dollars and loan tenure of 48 months in zip 65215 and shop for the lowest priced car."
mind2web-web-1240,m2w_website,Mind2Web,test,recreation.gov,web,Open the most helpful 5 star reviews of Alpine Ridge.
mind2web-web-1241,m2w_website,Mind2Web,test,recreation.gov,web,Find highest rated accessible tent camping in Kansas between April 13-20
mind2web-web-1242,m2w_website,Mind2Web,test,tripadvisor,web,"Find a vacation rental with 2 bedrooms and 2 bathrooms for the 15 to 20 June period, in Kanha National Park, India, and book the cheapest one."
mind2web-web-1243,m2w_website,Mind2Web,test,recreation.gov,web,Browse Brooken Cove 5 star reviews.
mind2web-web-1244,m2w_website,Mind2Web,test,tripadvisor,web,"Find the cheapest 2 rooms in a five-star hotel with a pool in Jaipur for 4 people with a check-in time of June 2, and check-out of 5."
mind2web-web-1245,m2w_website,Mind2Web,test,recreation.gov,web,Show me the rules and cancellation for Alley Spring.
mind2web-web-1246,m2w_website,Mind2Web,test,tripadvisor,web,Find hotels in Orlando from April 2nd to April 8th for 2 adults and 1 child aged 4 years.
mind2web-web-1247,m2w_website,Mind2Web,test,trip,web,"Book a cheapest bundle and save option for 2 adults from Ahmedabad to Dubai on April 5 with free cancellation options, hotel should be a 3 star near Burj Khalifa with guest rating above 4, one night"
mind2web-web-1248,m2w_website,Mind2Web,test,tripadvisor,web,"Find the shortest Duration Rail Tour in Tokyo, Japan between Aug 13-18"
mind2web-web-1249,m2w_website,Mind2Web,test,recreation.gov,web,Find a park to camp in that is wheelchair accessible and has boat sites.
mind2web-web-1250,m2w_website,Mind2Web,test,recreation.gov,web,Find Snorkeling and Diving activities in Oregon
mind2web-web-1251,m2w_website,Mind2Web,test,recreation.gov,web,Find the app for ios.
mind2web-web-1252,m2w_website,Mind2Web,test,recreation.gov,web,"Show East Lake tent campsites in Hiawatha National Forest that are available from May 22 to 24, 2023 with waterfront."
mind2web-web-1253,m2w_website,Mind2Web,test,tripadvisor,web,"Find the #1 rated ""Thing to do"" in Sedona, AZ"
mind2web-web-1254,m2w_website,Mind2Web,test,tiktok.music,web,Browse the best Australian food songs.
mind2web-web-1255,m2w_website,Mind2Web,test,tiktok.music,web,Show me some creative strategies for effectiveness.
mind2web-web-1256,m2w_website,Mind2Web,test,stubhub,web,Find Taylor Swift's concert and select a ticket.
mind2web-web-1257,m2w_website,Mind2Web,test,stubhub,web,Find upcoming celine dion concerts happening and if any show is happening in france book 3 golden circle paper tickets. Show price with fees when booking.
mind2web-web-1258,m2w_website,Mind2Web,test,stubhub,web,Find tickets of Taylor Swift event in Las Vegas this month and book 2 lowest priced aisle seat.
mind2web-web-1259,m2w_website,Mind2Web,test,stubhub,web,"Find a NOFX ticket for a show in Austin, Texas on April 23 for 1 person."
mind2web-web-1260,m2w_website,Mind2Web,test,stubhub,web,Start the process to purchase a gift card.
mind2web-web-1261,m2w_website,Mind2Web,test,stubhub,web,Find NHL events occurring in Boston.
mind2web-web-1262,m2w_website,Mind2Web,test,stubhub,web,Find and purchase two aisle seats for the Adele concert in Las Vegas on June 16th.
mind2web-web-1263,m2w_website,Mind2Web,test,stubhub,web,Check parking available for Bad Bunny concert.
mind2web-web-1264,m2w_website,Mind2Web,test,nba,web,"Look up the schedule and find the very last game of the current season(March)
."
mind2web-web-1265,m2w_website,Mind2Web,test,nba,web,Find Devin Booker's highest scoring points per gameplayoff run.
mind2web-web-1266,m2w_website,Mind2Web,test,nba,web,Find the current league leader in Assists Per Game.
mind2web-web-1267,m2w_website,Mind2Web,test,nba,web,View the latest NBA power rankings to see which teams are performing the best.
mind2web-web-1268,m2w_website,Mind2Web,test,nba,web,check all the $200 seats available for1 ticket purchase to Denver Nuggets last game in week 23.
mind2web-web-1269,m2w_website,Mind2Web,test,tripadvisor,web,Find a restaurant in San Francisco which serves Kosher food and high rating.
mind2web-web-1270,m2w_website,Mind2Web,test,stubhub,web,Browse floor tickets to the Los Angeles Lakers vs Memphis Grizzlies game on April 22nd.
mind2web-web-1271,m2w_website,Mind2Web,test,stubhub,web,Search for four VIP tickets for the Harry Styles concert in Australia on Jul 8th.
mind2web-web-1272,m2w_website,Mind2Web,test,macys,web,Add to my bag one men's slim jeans of size 26*29
mind2web-web-1273,m2w_website,Mind2Web,test,tripadvisor,web,Find a Hotel in New York City with lowest price possible for 2 adults this weekend (April 1st and 2nd).
mind2web-web-1274,m2w_website,Mind2Web,test,stubhub,web,Find Miami Heat away games next week in New York and book 6 tickets in club gold seating area and book the lowest priced.
mind2web-web-1275,m2w_website,Mind2Web,test,stubhub,web,Find $100 egift card which has Happy Birthday on it for myself and add to cart.
mind2web-web-1276,m2w_website,Mind2Web,test,stubhub,web,Show theatre events for Las Vegas and select one.
mind2web-web-1277,m2w_website,Mind2Web,test,trip,web,Browse nonstop flights from London to New York City from Jun 1st to July 15th.
mind2web-web-1278,m2w_website,Mind2Web,test,trip,web,Search for hotels in Tokyo for the weekend of May 19th that offer free breakfast and airport shuttle service.
mind2web-web-1279,m2w_website,Mind2Web,test,macys,web,Search for boys infant pajamas below $40.
mind2web-web-1280,m2w_website,Mind2Web,test,tiktok.music,web,Show me the performance analytics for the most popular product.
mind2web-web-1281,m2w_website,Mind2Web,test,tiktok.music,web,Search the list of top 100 hashtags in the last 30 days.
mind2web-web-1282,m2w_website,Mind2Web,test,tiktok.music,web,"Search for an electronic song that has the word dance on its name for tik tok commercial use, it has to be over 60 seconds"
mind2web-web-1283,m2w_website,Mind2Web,test,tiktok.music,web,Find and show me the analytics for the top trending educational hastag in egypt in the last 120 days that is new to top 10
mind2web-web-1284,m2w_website,Mind2Web,test,tiktok.music,web,Find me happy and food themed music in australia that don't last long than 20 seconds
mind2web-web-1285,m2w_website,Mind2Web,test,macys,web,"Filter handbags to evening bag that is blue, embellished and costs less than $50."
mind2web-web-1286,m2w_website,Mind2Web,test,tripadvisor,web,"Find an Indian restaurant for dinner in Los Angeles, order online from the top restaurant, and save this to a list named Los Angeles."
mind2web-web-1287,m2w_website,Mind2Web,test,macys,web,Find a top-rated best-seller unisex building toy for a 5 to 7-year-old.
mind2web-web-1288,m2w_website,Mind2Web,test,trip,web,Show me Today's Top Deals on Hotels
mind2web-web-1289,m2w_website,Mind2Web,test,trip,web,Search for hotels in Miami Beach for the weekend of Apr 21 for 2 guessts  that are good for a romantic trip.
mind2web-web-1290,m2w_website,Mind2Web,test,trip,web,Find hotels with breakfast included in las vegas for 3 adults to stay in two rooms from April 10 to april 23
mind2web-web-1291,m2w_website,Mind2Web,test,trip,web,"Find a Hotel in New Yark for the dates Wed, 15 Mar to Thu, 16 Mar 1 room for 2 Adults providing 1 Bed with Breakfast and the rent payable at Hotelwith Instant confirmation and Free cancellation"
mind2web-web-1292,m2w_website,Mind2Web,test,trip,web,"Book a train to seoul from busan  on April 1 after 10 am in the name of Agent Smith, born in Australia on January 1, 1988, and contact number is 710 101 111 with email id - agent.smith@matrix.com."
mind2web-web-1293,m2w_website,Mind2Web,test,shopping.google,web,"Find size 8, black running shoes for men by Nike which are rated four stars and above and are currently on sale"
mind2web-web-1294,m2w_website,Mind2Web,test,shopping.google,web,Compare prices and find cheapest total price for Granitestone Sandwich Maker from stores which offer free delivery
mind2web-web-1295,m2w_website,Mind2Web,test,shopping.google,web,List one star reviews for best reviewed iPhone 14
mind2web-web-1296,m2w_website,Mind2Web,test,macys,web,Find a black and a brown top for work in the trending section and add two tops  in the shopping bag.
mind2web-web-1297,m2w_website,Mind2Web,test,macys,web,Creat a searchable list named New Home and add a cheaest recliner chair to that list.
mind2web-web-1298,m2w_website,Mind2Web,test,bestbuy,web,"As a Verizon user, finance a new blue iPhone 13 with 256gb along with monthly apple care"
mind2web-web-1299,m2w_website,Mind2Web,test,bestbuy,web,View the speakers that are bluetooth and wireless and filter the results to only show models that are on sale and cost less than $50.
mind2web-web-1300,m2w_website,Mind2Web,test,cars,web,Compare Audi A7 with Audi A6 both made in 2023 and hide similarities.
mind2web-web-1301,m2w_website,Mind2Web,test,nba,web,Find out how many assists Chris Paul has been averaging in the current season.
mind2web-web-1302,m2w_website,Mind2Web,test,nba,web,search for Los Angeles Lakers Group Tickets Interest Form.
mind2web-web-1303,m2w_website,Mind2Web,test,cars,web,Find me the cheapest Dodge Ram 1500 within 50 miles of 21122
mind2web-web-1304,m2w_website,Mind2Web,test,cars,web,Find used audi 100 sorted by best deal.
mind2web-web-1305,m2w_website,Mind2Web,test,trip,web,"Find and book the cheapest flight from Mumbai to Toronto on March 28, which includes carry-on bags with minimum stops in Economy class."
mind2web-web-1306,m2w_website,Mind2Web,test,trip,web,What are the Nearby Attractions from the top rated park attraction in hong kong?
mind2web-web-1307,m2w_website,Mind2Web,test,trip,web,Add the lowest in price Amusement park attraction in Seoul to my favorites
mind2web-web-1308,m2w_website,Mind2Web,test,bestbuy,web,"Discover the trade-in value of my intel 7th generation i3 windows 10, hp laptop in fair condition,  which has 8 GB memory and can be powered on, proceed for the in-store trade-in."
mind2web-web-1309,m2w_website,Mind2Web,test,bestbuy,web,search for new internal M2 Samsung ssd drive within $25 and $200.
mind2web-web-1310,m2w_website,Mind2Web,test,bestbuy,web,"Schedule a repair service for my gaming console closest to the zip code 10001 on March 24, anytime after 6 pm."
mind2web-web-1311,m2w_website,Mind2Web,test,bestbuy,web,check trade in value for a gray galaxy s20 5G (Verizon) in good condition for an open box Samsung galaxy s21 plus.
mind2web-web-1312,m2w_website,Mind2Web,test,tripadvisor,web,Find a Villa in Egypt for vacation rental
mind2web-web-1313,m2w_website,Mind2Web,test,tripadvisor,web,Find the recommended list of things to do in Switzerland.
mind2web-web-1314,m2w_website,Mind2Web,test,tripadvisor,web,"Find a 4 star Hotel at April 09 for 2 days in Toronto, Canada."
mind2web-web-1315,m2w_website,Mind2Web,test,shopping.google,web,"Create a product collection called ""Future Birthday Gifts"""
mind2web-web-1316,m2w_website,Mind2Web,test,shopping.google,web,Find electric coffee grinders and filter the results to show only those with a capacity of 4 - 6.4 oz
mind2web-web-1317,m2w_website,Mind2Web,test,shopping.google,web,Identify Nike Air Women's size 6 cross training shoes that offer free return.
mind2web-web-1318,m2w_website,Mind2Web,test,macys,web,checkprice of silver engagement rings with 1-2 cttw  available for purchase
mind2web-web-1319,m2w_website,Mind2Web,test,macys,web,Show me the list of kitchen products made of aluminum on sale.
mind2web-web-1320,m2w_website,Mind2Web,test,bestbuy,web,Add a $50 Uber gift card to the cart
mind2web-web-1321,m2w_website,Mind2Web,test,macys,web,"Purchase a Macy's E-Gift Card worth $50 with birthday wish message ""Happy birthday, wish you many more years to come"" to christene (christenson@gmail.com) from Shak"
mind2web-web-1322,m2w_website,Mind2Web,test,macys,web,Shop for 2020 made dry red wine made in Italy priced between 15-20 dollars and add 5 bottles to the cart.
mind2web-web-1323,m2w_website,Mind2Web,test,shopping.google,web,Look for a White PlayStation 5 Console and save it
mind2web-web-1324,m2w_website,Mind2Web,test,shopping.google,web,Find wireless earbuds by Samsung and sort the results by Review Score.
mind2web-web-1325,m2w_website,Mind2Web,test,shopping.google,web,"Find pet food for cats and sort the results by price, least to most expensive and from Chewy.com"
mind2web-web-1326,m2w_website,Mind2Web,test,shopping.google,web,Compare prices for a Samsung Galaxy S22
mind2web-web-1327,m2w_website,Mind2Web,test,tiktok.music,web,What are the romantic reggae musics from BCD Studio that can be used in tik tok series in andorra
mind2web-web-1328,m2w_website,Mind2Web,test,tiktok.music,web,Open the list of popular products in the desktop computer category in the last 30 days.
mind2web-web-1329,m2w_website,Mind2Web,test,tiktok.music,web,Show me the trending songs in canada for the last 30 days that are approved for business use
mind2web-web-1330,m2w_website,Mind2Web,test,tiktok.music,web,Play a song from the rock playlist.
mind2web-web-1331,m2w_website,Mind2Web,test,nba,web,play the video where Larry Bird made his NBA debut vs the Houston Rockets.
mind2web-web-1332,m2w_website,Mind2Web,test,nba,web,Find a medium Devin Booker jersey and add it to the shopping cart.
mind2web-web-1333,m2w_website,Mind2Web,test,nba,web,Browse the list of women's Nike jerseys over $60.
mind2web-web-1334,m2w_website,Mind2Web,test,nba,web,Show me the statistics for assists per game.
mind2web-web-1335,m2w_website,Mind2Web,test,nba,web,Play the latest video from NBA TV.
mind2web-web-1336,m2w_website,Mind2Web,test,nba,web,check the New York Knick 2021/2022 season stats per game in game split on regular season.
mind2web-web-1337,m2w_website,Mind2Web,test,recreation.gov,web,"Check permit availability for a group of 4 in Brooks Camp, Katmai National Park on May 22"
mind2web-web-1338,m2w_website,Mind2Web,test,recreation.gov,web,"Add to cart one Private  Vehicle Pass for Yosemite National Park for April 30, for License Plate number 12345 and Zip Code 94587"
mind2web-web-1339,m2w_website,Mind2Web,test,macys,web,"Add a men's T-Shirt that is in large size with a stripe pattern, short sleeve and under the Best Sellers group to the cart."
mind2web-web-1340,m2w_website,Mind2Web,test,macys,web,look at top rated size 5 women Leather Sandals from MICHAEL Michael Kors within $50 to $100.
mind2web-web-1341,m2w_website,Mind2Web,test,tripadvisor,web,Save to my trips a restaurants in Johannesburg with vegan options.
mind2web-web-1342,m2w_website,Mind2Web,test,tripadvisor,web,"Find the best rated hotel room for 2 adults and 1 child (aged 9) in Sedona, AZ for June 21-June 28"
mind2web-web-1343,m2w_website,Mind2Web,test,shopping.google,web,Find the cheapest snow colored Google Pixel 7 with 128gb storage that can be bought on google
mind2web-web-1344,m2w_website,Mind2Web,test,shopping.google,web,Look for reviews of a Nest Hello Video Doorbell and filter by 1 star ratings
mind2web-web-1345,m2w_website,Mind2Web,test,shopping.google,web,Create a list of drip coffee makers that are on sale and within $25-60 and have a black finish.
mind2web-web-1346,m2w_website,Mind2Web,test,bestbuy,web,"find a silver steel watch with touch screen, water resistance, touch screen and google assistance support for currently on sale"
mind2web-web-1347,m2w_website,Mind2Web,test,bestbuy,web,Search for NordicTrarck with the lowest price
mind2web-web-1348,m2w_website,Mind2Web,test,bestbuy,web,search for 33 to 49inch Qled gaming monitor with 240hz refresh rate that is within $1000 to $2000
mind2web-web-1349,m2w_website,Mind2Web,test,macys,web,Find baby shoes under 20 dollars and rated 5 stars.
mind2web-web-1350,m2w_website,Mind2Web,test,macys,web,Check the details of order 12345 with email 12345@gmail.com
mind2web-web-1351,m2w_website,Mind2Web,test,trip,web,"Find highest rated attraction in Phuket on April 15 and book tickets for 4 adults, and 2 child."
mind2web-web-1352,m2w_website,Mind2Web,test,tripadvisor,web,Find Italian restaurants in New York City near Central Park.
mind2web-web-1353,m2w_website,Mind2Web,test,tripadvisor,web,"Find the lowest priced Vacation Rental in Quepos, Costa Rica for 3 guests between July 16-20 that is Pet Friendly"
mind2web-web-1354,m2w_website,Mind2Web,test,tripadvisor,web,"Find a one-way nonstop flight between San Fransisco to San Diego on July 1, on United Airlines for 2 adults and 1 
senior, and view the deal of the morning flight."
mind2web-web-1355,m2w_website,Mind2Web,test,cars,web,Find a highest rated dealer for Cadillac with rating above 4 star within 20 miles of zip 60606.
mind2web-web-1356,m2w_website,Mind2Web,test,cars,web,"Find electric cars with a maximum price of $50,000 within 50 miles of 10001."
mind2web-web-1357,m2w_website,Mind2Web,test,cars,web,"Find a used cheapest 8 cylinder bmw  made between 2005-2015 and priced from 25,000 to  50,000 dollar with mileage less then 50,000 miles or less."
mind2web-web-1358,m2w_website,Mind2Web,test,tripadvisor,web,Open the page to create a review for Hotel Xcaret Mexico.
mind2web-web-1359,m2w_website,Mind2Web,test,tripadvisor,web,"Find cheapest flight from Toronto, Canada to New York City, USA for 1 adult."
mind2web-web-1360,m2w_website,Mind2Web,test,tripadvisor,web,Reserve a table at highly rated restaurant in Paris for 2.
mind2web-web-1361,m2w_website,Mind2Web,test,bestbuy,web,Browse 8K Samsung TVs that are open box.
mind2web-web-1362,m2w_website,Mind2Web,test,bestbuy,web,Buy the highest-rated physical birthday gift card of 50 dollars and add 2 gift cards to the cart.
mind2web-web-1363,m2w_website,Mind2Web,test,bestbuy,web,apply for a retail sales associate jobs within 5 miles to 20001
mind2web-web-1364,m2w_website,Mind2Web,test,bestbuy,web,Find and save a low-cost 30-inch digital display induction cooktop with auto shut off and hot surface indication.
mind2web-web-1365,m2w_website,Mind2Web,test,tripadvisor,web,Write a 5 star review for Pizzeria Mozza in Los Angeles.
mind2web-web-1366,m2w_website,Mind2Web,test,tripadvisor,web,"Find a list of restaurants in Big Sur, CA with outdoor seating"
mind2web-web-1367,m2w_website,Mind2Web,test,cars,web,Find a cheapest hatchback car listing in Madison which has red interiors with heated seat option and premium sound system.
mind2web-web-1368,m2w_website,Mind2Web,test,macys,web,find marriage registry with name JANE DOE
mind2web-web-1369,m2w_website,Mind2Web,test,nba,web,Find the current league leader in total blocked shots.
mind2web-web-1370,m2w_website,Mind2Web,test,nba,web,Open the league pass schedule for the Boston Celtics.
mind2web-web-1371,m2w_website,Mind2Web,test,shopping.google,web,Look for price comparisons of Pokemon Go - Elite Trainer Box
mind2web-web-1372,m2w_website,Mind2Web,test,shopping.google,web,Search for running shoes for men and filter the results to show only those that are available in size 11.
mind2web-web-1373,m2w_website,Mind2Web,test,shopping.google,web,Search for smart TVs with a screen size of 55 to 65 inches and filter the results to show only those that have a LED display.
mind2web-web-1374,m2w_website,Mind2Web,test,stubhub,web,Find out how to transfer NFL tickets to a friend.
mind2web-web-1375,m2w_website,Mind2Web,test,stubhub,web,"Book 4 tickets in upper  for any Kevin Hart show in Brisbane, Australia, before 30 March, view tickes prices with estimated fees."
mind2web-web-1376,m2w_website,Mind2Web,test,stubhub,web,"Browse BlackPink tickets in Mexico on Apr 26, show prices with fees."
mind2web-web-1377,m2w_website,Mind2Web,test,tiktok.music,web,Use a tense music from BCD Studio in tik tok video editor
mind2web-web-1378,m2w_website,Mind2Web,test,tiktok.music,web,Find the chill musics for tik tok commercial use in belgium from the artist TimTaj
mind2web-web-1379,m2w_website,Mind2Web,test,tiktok.music,web,Open the click analytics for a top ad in the fitness category.
mind2web-web-1380,m2w_website,Mind2Web,test,nba,web,check the best seat available below $500 for purchase to Chicago Bulls vs Charlotte Hornets on Mar 31st with wheel chair accessibility.
mind2web-web-1381,m2w_website,Mind2Web,test,nba,web,Find Atlanta Hawks game tickets.
mind2web-web-1382,m2w_website,Mind2Web,test,recreation.gov,web,Find a day use area for picnicking for 20 people in Tennessee.
mind2web-web-1383,m2w_website,Mind2Web,test,recreation.gov,web,Find the next available date for Albion Basin.
mind2web-web-1384,m2w_website,Mind2Web,test,recreation.gov,web,Find parks In Arizona.
mind2web-web-1385,m2w_website,Mind2Web,test,recreation.gov,web,Check permit availability for Bryce Canyon National Park.
mind2web-web-1386,m2w_website,Mind2Web,test,recreation.gov,web,Find the next available dates for Alley Creek Camp.
mind2web-web-1387,m2w_website,Mind2Web,test,tiktok.music,web,Open list of creators with more than 10M followers.
mind2web-web-1388,m2w_website,Mind2Web,test,tiktok.music,web,Get keyword insights related to games.
mind2web-web-1389,m2w_website,Mind2Web,test,tiktok.music,web,What creators are trending now on australia that have brazil as the audience region
mind2web-web-1390,m2w_website,Mind2Web,test,macys,web,Find the cheapest anklets in a clearance sale for under 10 dollars and move this to the shopping bag.
mind2web-web-1391,m2w_website,Mind2Web,test,recreation.gov,web,Find campgrounds from April 1st to 4th 2023 that are available at Illinois for 2 adults and 2 kids.
mind2web-web-1392,m2w_website,Mind2Web,test,recreation.gov,web,Find day use areas near New York with best mobile coverage
mind2web-web-1393,m2w_website,Mind2Web,test,tiktok.music,web,"Play a rock music from the artist zukisuzuki that can be used for tik tok series and usable  in helo, topbuzz."
mind2web-web-1394,m2w_website,Mind2Web,test,tiktok.music,web,Find the popular songs for the last 30 days that are new to top 100 and approved for business use.
mind2web-web-1395,m2w_website,Mind2Web,test,tiktok.music,web,Browse list of tiktok series songs longer than 60 seconds.
mind2web-web-1396,m2w_website,Mind2Web,test,tiktok.music,web,Show me the tik tok series playlist from brazil
mind2web-web-1397,m2w_website,Mind2Web,test,bestbuy,web,Find a store near zip 30010 that provides authorized apple services for imacs and  make this one  my store.
mind2web-web-1398,m2w_website,Mind2Web,test,bestbuy,web,Check the speccification of the best selling HP FHD laptop with 12gb ram and core i7 running on windows 11
mind2web-web-1399,m2w_website,Mind2Web,test,bestbuy,web,buy a $100 best bu gift card for a birthday
mind2web-web-1400,m2w_website,Mind2Web,test,cars,web,Find service and repair for a 2022 Audi e-tron.
mind2web-web-1401,m2w_website,Mind2Web,test,cars,web,Find recalls for the Alfa romeo 4C
mind2web-web-1402,m2w_website,Mind2Web,test,cars,web,Compare the Acura CL 2003 with the ILX 2022.
mind2web-web-1403,m2w_website,Mind2Web,test,cars,web,Find the Recall information provided by National Highway Traffic Safety Administration for Chevrolet model bolt EUV for the year 2022
mind2web-web-1404,m2w_domain,Mind2Web,test,reddit,web,Find a latest post with more than 10k upvotes in r/announcements community and upvote it.
mind2web-web-1405,m2w_domain,Mind2Web,test,reddit,web,Join a fitness community.
mind2web-web-1406,m2w_domain,Mind2Web,test,thumbtack,web,"Get the weekend wedding first dance lessons in my home at zip 10005 for the beginner in Latin dance for a group of 3-4 people with no choreography or song preferences, and contact for prices on my phone number 5214586525."
mind2web-web-1407,m2w_domain,Mind2Web,test,stocktwits,web,"Follow the user ""WarrenBuffett""."
mind2web-web-1408,m2w_domain,Mind2Web,test,stocktwits,web,Add the stocks AMZN and GOOG to your Watchlist.
mind2web-web-1409,m2w_domain,Mind2Web,test,linkedin,web,Search for Bioinformatician job which is remote.
mind2web-web-1410,m2w_domain,Mind2Web,test,thumbtack,web,Get a cost estimate in zip 89116 for the repair of a water-damaged iPad mini that is not turning on at the serviceman's location on May 6 or 7 late afternoon.
mind2web-web-1411,m2w_domain,Mind2Web,test,thumbtack,web,"Find a remote resume writer with a cover letter for an outdated resume for a senior with a manufacturing background, check the availability on April 20."
mind2web-web-1412,m2w_domain,Mind2Web,test,akc.org,web,Find an energetic hairless dog with medium barking.
mind2web-web-1413,m2w_domain,Mind2Web,test,apartments,web,search for 3 bedroom condos with 2 bathrooms within $1500- $2500 range in NYC.
mind2web-web-1414,m2w_domain,Mind2Web,test,apartments,web,"Find a Single-Family House for Rent in Houston, Tx with 1 bed"
mind2web-web-1415,m2w_domain,Mind2Web,test,fedex,web,"Track freight shipment in the US with reference number 3345654345, account number 344565432, post code 44912 shipped on march 31st."
mind2web-web-1416,m2w_domain,Mind2Web,test,weather,web,"Find the hourly weather forecast for Seattle, WA for the next 24 hours."
mind2web-web-1417,m2w_domain,Mind2Web,test,careers.walmart,web,"Look for a temporary job in the corporate business operations at an hourly rate in Sam's club. Show jobs available in Dallas, Texas."
mind2web-web-1418,m2w_domain,Mind2Web,test,careers.walmart,web,Find the latest full-time salaried Marketing job in Silicon Valley at Walmart.
mind2web-web-1419,m2w_domain,Mind2Web,test,careers.walmart,web,Find full-time cyber security jobs.
mind2web-web-1420,m2w_domain,Mind2Web,test,careers.walmart,web,"Get an hourly rate-based full-time Walmart store job in New Albany,Indiana and apply to the latest job."
mind2web-web-1421,m2w_domain,Mind2Web,test,careers.walmart,web,"Find the newest temporary job opportunities in technology in Ohio,IL"
mind2web-web-1422,m2w_domain,Mind2Web,test,careers.walmart,web,Search for a job in transportation and if truck driver job is open apply to it.
mind2web-web-1423,m2w_domain,Mind2Web,test,uhaul,web,"Browse cargo trailer rates in Chicago, IL to be towed with a 2015 Doge Challenger."
mind2web-web-1424,m2w_domain,Mind2Web,test,student,web,View the rooms of the cheapest accommodation in London to move in in september and move out in october
mind2web-web-1425,m2w_domain,Mind2Web,test,redfin,web,Fina a real estates agent job in Atlanta Georgia and apply.
mind2web-web-1426,m2w_domain,Mind2Web,test,redfin,web,Find the cheapest condo in New York to buy which has 1 bed and 1 bath.
mind2web-web-1427,m2w_domain,Mind2Web,test,glassdoor,web,Find a guide for career path in Arts and Designs.
mind2web-web-1428,m2w_domain,Mind2Web,test,glassdoor,web,"Discover the top 4.5 and above-rated companies with more than 10000 workforces with work-life balance in Bangkok, and view the latest jobs in the top-most company posted in the last seven days."
mind2web-web-1429,m2w_domain,Mind2Web,test,glassdoor,web,Save a job alert for a job in Oregon in the Parks Department.
mind2web-web-1430,m2w_domain,Mind2Web,test,glassdoor,web,Read employee reviews and ratings for Google.
mind2web-web-1431,m2w_domain,Mind2Web,test,glassdoor,web,Find and follow Tesla for future job search references.
mind2web-web-1432,m2w_domain,Mind2Web,test,indeed,web,Check salaries for Biostatistician and select the company which pays highest and follow it.
mind2web-web-1433,m2w_domain,Mind2Web,test,indeed,web,Open the burger king interview questions page.
mind2web-web-1434,m2w_domain,Mind2Web,test,indeed,web,Find entry-level finance jobs in San Francisco that require a Master's degree.
mind2web-web-1435,m2w_domain,Mind2Web,test,indeed,web,Search for part-time administrative assistant jobs in Miami with a minimum salary of $40k.
mind2web-web-1436,m2w_domain,Mind2Web,test,indeed,web,View details of the self study online certification from a school rated 4 and above in a forklift through online classes with a duration of 30 to 60 minutes.
mind2web-web-1437,m2w_domain,Mind2Web,test,indeed,web,Show me Mc Donald's reviews.
mind2web-web-1438,m2w_domain,Mind2Web,test,reddit,web,Join the r/politics subreddit.
mind2web-web-1439,m2w_domain,Mind2Web,test,reddit,web,Find and join a community for blind people on reddit
mind2web-web-1440,m2w_domain,Mind2Web,test,reddit,web,Find 12 monkeys community and view the latest posts mentioning James Cole
mind2web-web-1441,m2w_domain,Mind2Web,test,ohio.gov,web,Find the list of Hunting Equipment allowed by the federal hunting law for hunting
mind2web-web-1442,m2w_domain,Mind2Web,test,ohio.gov,web,Find the latest COVID-19 Travel Advisory in Ohio
mind2web-web-1443,m2w_domain,Mind2Web,test,ohio.gov,web,Find the procedure to get the license for Athletic Trainer
mind2web-web-1444,m2w_domain,Mind2Web,test,ohio.gov,web,Find the paper applicatn for the SNAP program
mind2web-web-1445,m2w_domain,Mind2Web,test,ohio.gov,web,Find the latest news article about Ohio Benefits and share it on Twitter
mind2web-web-1446,m2w_domain,Mind2Web,test,ohio.gov,web,find the eligibility to register for voting on online voter registration
mind2web-web-1447,m2w_domain,Mind2Web,test,ohio.gov,web,Find out how to sign up for Veteran Benefits
mind2web-web-1448,m2w_domain,Mind2Web,test,accuweather,web,Show me the wind flow map for Belo Horizonte
mind2web-web-1449,m2w_domain,Mind2Web,test,accuweather,web,Show me the monthly weather forecast for florida city
mind2web-web-1450,m2w_domain,Mind2Web,test,accuweather,web,"Show health activities for Mumbai, India."
mind2web-web-1451,m2w_domain,Mind2Web,test,accuweather,web,Find the weather radar map for Miami.
mind2web-web-1452,m2w_domain,Mind2Web,test,accuweather,web,Show daily weather for New York City.
mind2web-web-1453,m2w_domain,Mind2Web,test,accuweather,web,Find the overnight forecast for next Thursday in Reno Nevada.
mind2web-web-1454,m2w_domain,Mind2Web,test,redfin,web,"Look up a list of rentals available in zip code 85747 with 3+ bedrooms, sorted by lowest to highest price"
mind2web-web-1455,m2w_domain,Mind2Web,test,health.usnews,web,Open a list of pediatric dentists in Delaware.
mind2web-web-1456,m2w_domain,Mind2Web,test,healthgrades,web,Browse primary care doctors who are within 1 mile of distance
mind2web-web-1457,m2w_domain,Mind2Web,test,apartments,web,"Search for rentals in Corning, CA with a maximum price of $1500."
mind2web-web-1458,m2w_domain,Mind2Web,test,apartments,web,Add Elevate at Chicago IL to Favorites and show virtual tour.
mind2web-web-1459,m2w_domain,Mind2Web,test,apartments,web,Show apartments with swimming pool in Chicago IL.
mind2web-web-1460,m2w_domain,Mind2Web,test,twitter,web,"Go to my profile and add Bio: ""Explorer and Wanderer""
."
mind2web-web-1461,m2w_domain,Mind2Web,test,udemy,web,"Get the highest rated SAP S/4 HANA course rated 4, and up with a duration between 3 to 6 hours for an intermediate, and add this to your cart and checkout."
mind2web-web-1462,m2w_domain,Mind2Web,test,udemy,web,Search for the newest game design courses in Portuguese with 4.5 stars and up ratings
mind2web-web-1463,m2w_domain,Mind2Web,test,bbb.org,web,View all BBB career job openings in Chicago Il.
mind2web-web-1464,m2w_domain,Mind2Web,test,theweathernetwork,web,Show me the weather forecast in Allenford during the weekend.
mind2web-web-1465,m2w_domain,Mind2Web,test,theweathernetwork,web,Find the humdity percentage for zip code 90028 for the next 36 hours.
mind2web-web-1466,m2w_domain,Mind2Web,test,theweathernetwork,web,Show UK weather warnings map.
mind2web-web-1467,m2w_domain,Mind2Web,test,theweathernetwork,web,Show me severe weather alerts for Canada.
mind2web-web-1468,m2w_domain,Mind2Web,test,theweathernetwork,web,Look up the current temperature for zip code 10019.
mind2web-web-1469,m2w_domain,Mind2Web,test,theweathernetwork,web,Find the weekend forecast for zip code 10019.
mind2web-web-1470,m2w_domain,Mind2Web,test,theweathernetwork,web,"Add Miami, FL to your locations."
mind2web-web-1471,m2w_domain,Mind2Web,test,pensketruckrental,web,"Find a location for truck rental in Norwood, Massachusetts,then get quote for high roof cargo van needed for picking up on April 12 home applinace from Norwood and returning to the same location on April 13."
mind2web-web-1472,m2w_domain,Mind2Web,test,pensketruckrental,web,"Get a quote for a truck to rent on the commercial business for April 7 to 9 to pick up goods from Newark and return to the same location, choose the nearest one for the job."
mind2web-web-1473,m2w_domain,Mind2Web,test,bbb.org,web,"Search nearest real construction services for kitchen + bathroom remodeling within 10 miles of Hollywood, Florida and BBB acreditation not necessory."
mind2web-web-1474,m2w_domain,Mind2Web,test,bbb.org,web,"Get a quote from C and above-rated solar energy equipment company within 10 miles of Miami, Florida."
mind2web-web-1475,m2w_domain,Mind2Web,test,bbb.org,web,Find all the locations for the second best rated used car dealer less than 5 miles from New York
mind2web-web-1476,m2w_domain,Mind2Web,test,weather,web,Find the 10 day forecast for zip code 90028.
mind2web-web-1477,m2w_domain,Mind2Web,test,weather,web,"Find out the cold and flu forecast and today's air quality in Champaign, IL."
mind2web-web-1478,m2w_domain,Mind2Web,test,reddit,web,Find a community related to Music which have the highest viewers and join the community.
mind2web-web-1479,m2w_domain,Mind2Web,test,reddit,web,Open the tab to start a new conversation.
mind2web-web-1480,m2w_domain,Mind2Web,test,reddit,web,Find top comments mentioning Donald Trump
mind2web-web-1481,m2w_domain,Mind2Web,test,reddit,web,What are the top posts of all time on reddit?
mind2web-web-1482,m2w_domain,Mind2Web,test,zocdoc,web,Find a cardiologist within 50 miles of 96162.
mind2web-web-1483,m2w_domain,Mind2Web,test,zocdoc,web,Browse  chiropractors near zip code 90028 who accepts medicare.
mind2web-web-1484,m2w_domain,Mind2Web,test,udemy,web,Find the page with information about Investor events.
mind2web-web-1485,m2w_domain,Mind2Web,test,udemy,web,Find a AWS certification Software Development related to Amazon EC2.
mind2web-web-1486,m2w_domain,Mind2Web,test,udemy,web,Find the highest rated best Python courses for beginners.
mind2web-web-1487,m2w_domain,Mind2Web,test,udemy,web,Find javascript courses popular among beginners.
mind2web-web-1488,m2w_domain,Mind2Web,test,udemy,web,Add to wishlist a course studenst also bought with a trending Personal Development Course
mind2web-web-1489,m2w_domain,Mind2Web,test,udemy,web,Add all courses Frequently Bought Together with the most popular Business Course
mind2web-web-1490,m2w_domain,Mind2Web,test,apartments,web,"Find Ohio City apartments with parking, fitness center and elevator."
mind2web-web-1491,m2w_domain,Mind2Web,test,apartments,web,Check the Rules and Regulation in Kentucky for Landlords and Tenants.
mind2web-web-1492,m2w_domain,Mind2Web,test,stocktwits,web,Show me the news about the top 1 most active symbol
mind2web-web-1493,m2w_domain,Mind2Web,test,stocktwits,web,"Create a room for AI stocks discussion, with the topic ""Technology""."
mind2web-web-1494,m2w_domain,Mind2Web,test,stocktwits,web,Find the current market price of AAPL stock and add it to your watchlist.
mind2web-web-1495,m2w_domain,Mind2Web,test,health.usnews,web,"Find Noom Diet recipes, health & Nutrition and experts review"
mind2web-web-1496,m2w_domain,Mind2Web,test,health.usnews,web,Show me the comparison of best meal kit services.
mind2web-web-1497,m2w_domain,Mind2Web,test,health.usnews,web,"Within 25 Miles of 96817, find a nursing home that accepts medicare."
mind2web-web-1498,m2w_domain,Mind2Web,test,zocdoc,web,Browse psychologists who offer couples therapy.
mind2web-web-1499,m2w_domain,Mind2Web,test,zocdoc,web,"Find a male Dermatologist who can speak Spanish in Los Angeles, Texas, on March 28, 2023, early morning and book an appointment at 8.30"
mind2web-web-1500,m2w_domain,Mind2Web,test,zocdoc,web,Schedule a video visit as soon as possible with Dr. Vineet Sandhu.
mind2web-web-1501,m2w_domain,Mind2Web,test,usnews.education,web,"Filter undergraduate programs in Mechanical  Engineering which offer Doctorate with tuition less than $50,000 in Illinois."
mind2web-web-1502,m2w_domain,Mind2Web,test,usnews.education,web,Save the first article on the homepage slider
mind2web-web-1503,m2w_domain,Mind2Web,test,usps,web,Find a list of domestically restricted items and a list for mailable gases for shipping.
mind2web-web-1504,m2w_domain,Mind2Web,test,usps,web,"Book an appointment for applying new passport for one adult, Ellen Walker, with phone number 123-456-7890 and email address EW@gmail.com on April 4, 2023 at 1 pm in the post office nearest to zip code 60505. Don't send updates via text message."
mind2web-web-1505,m2w_domain,Mind2Web,test,umich.edu,web,Find the way to give a gift to UM-Dearborn
mind2web-web-1506,m2w_domain,Mind2Web,test,allrecipes,web,Open the reviews of a recipe with beef sirloin.
mind2web-web-1507,m2w_domain,Mind2Web,test,allrecipes,web,Find the latest Recall news and share it on Twitter.
mind2web-web-1508,m2w_domain,Mind2Web,test,allrecipes,web,Find a 30 minute recipe and save it.
mind2web-web-1509,m2w_domain,Mind2Web,test,allrecipes,web,Find the Nutrition Facts of Spicy Chicken Noodles
mind2web-web-1510,m2w_domain,Mind2Web,test,healthgrades,web,Browse optometrists who offer telehealth services
mind2web-web-1511,m2w_domain,Mind2Web,test,healthgrades,web,"Find a dentist who specializes in pediatric dentistry and is located near zip code 90210 (within 5 miles distance
)."
mind2web-web-1512,m2w_domain,Mind2Web,test,healthgrades,web,Find a neurosurgeon who is over 50 years old and has an appointment available within 2 weeks.
mind2web-web-1513,m2w_domain,Mind2Web,test,healthgrades,web,"Find telehealth resource center for womens health uti treatment birth control in New Orleans, and sign up for the newsletter with my email: buckeye.foobar@gmail.com"
mind2web-web-1514,m2w_domain,Mind2Web,test,healthgrades,web,Find a psychiatrist who offers virtual appointmentsthat has experience with treating neurodevelopment disorders and accepts new patients.
mind2web-web-1515,m2w_domain,Mind2Web,test,cookpad,web,Show me recipes for pancakes with wheat and without beetroot.
mind2web-web-1516,m2w_domain,Mind2Web,test,cookpad,web,Show Handy Cooking Tips and add Heart Reaction to 3 Tips.
mind2web-web-1517,m2w_domain,Mind2Web,test,cookpad,web,React to a cooksnap with a heart
mind2web-web-1518,m2w_domain,Mind2Web,test,cookpad,web,Browse recipes for gluten-free chocolate chip cookies that can be made without nuts.
mind2web-web-1519,m2w_domain,Mind2Web,test,cookpad,web,Print a recipe containing shrimp.
mind2web-web-1520,m2w_domain,Mind2Web,test,cookpad,web,Publish a tip that While Frying Onions adding salt will make it brown faster.
mind2web-web-1521,m2w_domain,Mind2Web,test,cookpad,web,Find a recipe for Fried Bombay Duck and Save it.
mind2web-web-1522,m2w_domain,Mind2Web,test,cookpad,web,Save a hamburger recipe.
mind2web-web-1523,m2w_domain,Mind2Web,test,cookpad,web,Find a recipe for pad thai and print it
mind2web-web-1524,m2w_domain,Mind2Web,test,petfinder,web,Show me the list of Abyssinian female cats available for adoption.
mind2web-web-1525,m2w_domain,Mind2Web,test,petfinder,web,"Find cats available for adoption with 10 miles of zip code 94587, Young or Adult age cat, sorted by Oldest Addition"
mind2web-web-1526,m2w_domain,Mind2Web,test,petfinder,web,Find a male rabbit of American breed near New York and copy the share URL link.
mind2web-web-1527,m2w_domain,Mind2Web,test,theweathernetwork,web,Show a severe climate alerts for US.
mind2web-web-1528,m2w_domain,Mind2Web,test,theweathernetwork,web,"Find the hours of sun for Vancouver, British Columbia for the next seven days."
mind2web-web-1529,m2w_domain,Mind2Web,test,theweathernetwork,web,"Get details of severe weather alerts in place for Novia Scotia, Canada."
mind2web-web-1530,m2w_domain,Mind2Web,test,theweathernetwork,web,Find the latest climate news.
mind2web-web-1531,m2w_domain,Mind2Web,test,theweathernetwork,web,"Check the current wind speed in Calgary, Alberta."
mind2web-web-1532,m2w_domain,Mind2Web,test,theweathernetwork,web,Open Vancouver Area Highway Conditions.
mind2web-web-1533,m2w_domain,Mind2Web,test,accuweather,web,"See the monthly forecast for Atlanta, GA."
mind2web-web-1534,m2w_domain,Mind2Web,test,accuweather,web,"Check the health risk for sinus pressure  and the condition for running for today in Tokyo, Japan."
mind2web-web-1535,m2w_domain,Mind2Web,test,adoptapet,web,Find a shelter or rescue group near zip code 90011.
mind2web-web-1536,m2w_domain,Mind2Web,test,epicurious,web,Find the latest recipe for gluten-free bread made with rice and grain.
mind2web-web-1537,m2w_domain,Mind2Web,test,epicurious,web,Find the newest vegeterian dairy free recipe for summer and save it.
mind2web-web-1538,m2w_domain,Mind2Web,test,coinmarketcap,web,Open the XRP yearly chart.
mind2web-web-1539,m2w_domain,Mind2Web,test,coinmarketcap,web,Find the list of all mineable crypto coins with a market cap between $100M-$1B whose price has increased between 0-100% and whose trading volume is more than $10M
mind2web-web-1540,m2w_domain,Mind2Web,test,finance.google,web,Find key events of Microsoft stock.
mind2web-web-1541,m2w_domain,Mind2Web,test,finance.google,web,Find the 5 Day price chart for Bitcoin.
mind2web-web-1542,m2w_domain,Mind2Web,test,finance.google,web,Create a new watch list called AI Stocks
mind2web-web-1543,m2w_domain,Mind2Web,test,ohiomeansjobs.ohio.gov,web,"Find
 job postings for an auto mechanic within 20 miles of Delaware, ohio."
mind2web-web-1544,m2w_domain,Mind2Web,test,osu.edu,web,Show me the requirements for OSU health insurance.
mind2web-web-1545,m2w_domain,Mind2Web,test,osu.edu,web,How do I submit an application for IRB approval?
mind2web-web-1546,m2w_domain,Mind2Web,test,osu.edu,web,Find the page with information about Student Financial Aid.
mind2web-web-1547,m2w_domain,Mind2Web,test,webmd,web,"Find the highest-rated practicing doctor for acute migraine treatment within 10 miles of Philadelphia, Pennsylvania, and find the contact details."
mind2web-web-1548,m2w_domain,Mind2Web,test,webmd,web,Help me identify a black round pill with 123 written on it
mind2web-web-1549,m2w_domain,Mind2Web,test,reddit,web,Show me the top comments regarding amazon on reddit
mind2web-web-1550,m2w_domain,Mind2Web,test,reddit,web,Find and upvote the newest comment about football on the r/news community
mind2web-web-1551,m2w_domain,Mind2Web,test,adoptapet,web,Find a nationwide nearest animal shelter for birds around zip 10012.
mind2web-web-1552,m2w_domain,Mind2Web,test,adoptapet,web,Find a male cat in 75209 zip code and add to favorite.
mind2web-web-1553,m2w_domain,Mind2Web,test,adoptapet,web,Find information about which breed will be best for Hypoallergenic person.
mind2web-web-1554,m2w_domain,Mind2Web,test,adoptapet,web,Search for adoptable pets near 21122 zip code.
mind2web-web-1555,m2w_domain,Mind2Web,test,ups,web,Calculate shipping time and cost for package to be delivered from 96162 California to New York 10013 of 3lbs.
mind2web-web-1556,m2w_domain,Mind2Web,test,ups,web,Find a UPS drop off point near miami in Florida
mind2web-web-1557,m2w_domain,Mind2Web,test,ups,web,Request to receive an emailed transcript from a contact to UPS to the email I.contacted@gmail.com
mind2web-web-1558,m2w_domain,Mind2Web,test,ups,web,Locate the ups store that offers notary public services and sells packaging supplies within 10 miles of zip code 60504.
mind2web-web-1559,m2w_domain,Mind2Web,test,ups,web,Get a quote for fastest shipping available for 5lbs of package from New York 10001 to California 96162.
mind2web-web-1560,m2w_domain,Mind2Web,test,student,web,"Show me the shared rooms in any university in chicago that has a private bathroom wifi, and gas included in the bills"
mind2web-web-1561,m2w_domain,Mind2Web,test,fedex,web,Look up tracking information for shipment #3023858502
mind2web-web-1562,m2w_domain,Mind2Web,test,fedex,web,Calculate shipping cost for 4 pound package from Texas to New York.
mind2web-web-1563,m2w_domain,Mind2Web,test,redfin,web,"Find a premier real estate agent in St Augustine, FL."
mind2web-web-1564,m2w_domain,Mind2Web,test,redfin,web,"Browse homes for sale in San Diego, CA that is under 1 million dollars and has at least 3 bedrooms."
mind2web-web-1565,m2w_domain,Mind2Web,test,redfin,web,Find the latest 2 bed and 1.5 bath apartment listing for rent in New York.
mind2web-web-1566,m2w_domain,Mind2Web,test,stocktwits,web,Follow the user @pedrob
mind2web-web-1567,m2w_domain,Mind2Web,test,stocktwits,web,Add the top 5 ranked stocks to the watch list.
mind2web-web-1568,m2w_domain,Mind2Web,test,healthline,web,"Search for an article titled ""30 High Protein Snacks that are healthy and portable"" and print it out."
mind2web-web-1569,m2w_domain,Mind2Web,test,healthline,web,Compare two pescatarian diets for eating healthier
mind2web-web-1570,m2w_domain,Mind2Web,test,healthline,web,Find the recommended dosage for Vivitrol
mind2web-web-1571,m2w_domain,Mind2Web,test,healthline,web,Play a video in the mental health category.
mind2web-web-1572,m2w_domain,Mind2Web,test,epicurious,web,"Find one pot meal Indian curry recipe for dinner, which has potato and chicken as main ingredients."
mind2web-web-1573,m2w_domain,Mind2Web,test,epicurious,web,Find chicken recipes with the highest ratings.
mind2web-web-1574,m2w_domain,Mind2Web,test,apartments,web,"search for senior housing in Boston, MA with two bathrooms and with a virtual tour."
mind2web-web-1575,m2w_domain,Mind2Web,test,adoptapet,web,Search a young spayed male dog cared by a private owner within 50 miles of zip 33109.
mind2web-web-1576,m2w_domain,Mind2Web,test,ups,web,Get quotes for a 10lbs package Long Beach to Portland
mind2web-web-1577,m2w_domain,Mind2Web,test,ups,web,Calculate the cost for a package from 10001 to 10023 shipping on april 10
mind2web-web-1578,m2w_domain,Mind2Web,test,reddit,web,Show me the currently popular posts in Japan.
mind2web-web-1579,m2w_domain,Mind2Web,test,coinmarketcap,web,Find Dogecoin price today and add to watchlist.
mind2web-web-1580,m2w_domain,Mind2Web,test,coinmarketcap,web,Vote that you're feeling Good about USD Coin today
mind2web-web-1581,m2w_domain,Mind2Web,test,coinmarketcap,web,List top NFT art collections on Ethereum during last 30 days and sort them by average price
mind2web-web-1582,m2w_domain,Mind2Web,test,coinmarketcap,web,Find the Tether's whitepaper.
mind2web-web-1583,m2w_domain,Mind2Web,test,coinmarketcap,web,Check the top dex exchange in BSC network that were recently launched
mind2web-web-1584,m2w_domain,Mind2Web,test,coinmarketcap,web,Download a JPEG image comparing the Dogecoin price to that of Bitcoin over the last year.
mind2web-web-1585,m2w_domain,Mind2Web,test,babycenter,web,"Find the best baby registry for the first breastfed girl child, and get me all the choices with neutral colors and gear that is good for traveling, and all products should come with a long return window, low prices, and discounts."
mind2web-web-1586,m2w_domain,Mind2Web,test,webmd,web,"Find the ranking of Cardiology hospitals in Portland, Oregon, and view the best hospital chosen by patients, view all the physicians working in the hospital, and find the best-rated child neurology specialist."
mind2web-web-1587,m2w_domain,Mind2Web,test,webmd,web,"Look for a doctor with Botox specialty in Bristol, Rhode Island, that is available for a virtual visit and accepts care credit, fill all the details for appointment on April 20. My name is James Smith, and I was born on 06/20/1990. My number is 456546546. My email is buckeye.foobar@gmail.com. The reason for my visit is consulation"
mind2web-web-1588,m2w_domain,Mind2Web,test,coursera.org,web,Register to watch the webcast on developing Career ready student. My name is John Doe. My email is johndoe@gmail. I worked at UAI with a job title of Accounting
mind2web-web-1589,m2w_domain,Mind2Web,test,coursera.org,web,Explore courses related to Psychology.
mind2web-web-1590,m2w_domain,Mind2Web,test,coursera.org,web,search for a beginners course for data analyst in computer science looking for advertisement skills.
mind2web-web-1591,m2w_domain,Mind2Web,test,petfinder,web,Find young cats in Seattle and show off newest additions.
mind2web-web-1592,m2w_domain,Mind2Web,test,petfinder,web,"Find a list of shorthaired dogs available for adoption with 100 miles of zip code 94587 that are good with kids and cats, and have been on Petfinder for over 30 days"
mind2web-web-1593,m2w_domain,Mind2Web,test,reddit,web,"Join gift card exchange group and save the post which has Amazon Gift card in exchange
."
mind2web-web-1594,m2w_domain,Mind2Web,test,reddit,web,Find the post for the Talk to Me trailer on r/movies and send an award.
mind2web-web-1595,m2w_domain,Mind2Web,test,apartments,web,Find the community Amenities of a townhome for rent in Spring
mind2web-web-1596,m2w_domain,Mind2Web,test,apartments,web,"Calculate rent for income of $14000 and budget of 30 % of income in Houston, TX."
mind2web-web-1597,m2w_domain,Mind2Web,test,apartments,web,Add three cheapest condos in New York to Favorites.
mind2web-web-1598,m2w_domain,Mind2Web,test,apartments,web,calculate and search rent for a $6000 monthly income with 30% rent budget near 90012 area.
mind2web-web-1599,m2w_domain,Mind2Web,test,usnews.education,web,Find nursing master's programs in Iowa with the highest enrollment
mind2web-web-1600,m2w_domain,Mind2Web,test,dmv.virginia.gov,web,Find information on how to request a Police Crash Report.
mind2web-web-1601,m2w_domain,Mind2Web,test,dmv.virginia.gov,web,Find the procedure to apply for Hunting and Fishing Licenses
mind2web-web-1602,m2w_domain,Mind2Web,test,dmv.virginia.gov,web,Start the process to renew a vehicle registration
mind2web-web-1603,m2w_domain,Mind2Web,test,drugs,web,Show me the most helpful review for clonazepam
mind2web-web-1604,m2w_domain,Mind2Web,test,drugs,web,Identify the pill with imprint M366.
mind2web-web-1605,m2w_domain,Mind2Web,test,drugs,web,Find the page with information about ibuprofen interactions.
mind2web-web-1606,m2w_domain,Mind2Web,test,drugs,web,Show me the page with information about Adderall side effects.
mind2web-web-1607,m2w_domain,Mind2Web,test,drugs,web,Find the Alcohol/Food Interactions of the drug Allegra
mind2web-web-1608,m2w_domain,Mind2Web,test,drugs,web,Find information regarding Hypersomnia.
mind2web-web-1609,m2w_domain,Mind2Web,test,drugs,web,Find drug Paracetamol and its side effects.
mind2web-web-1610,m2w_domain,Mind2Web,test,petfinder,web,Add a rabbit available for adoption within 100 miles of zip code 94587 to Favorites
mind2web-web-1611,m2w_domain,Mind2Web,test,petfinder,web,Get the email contact address for the adoption center Kitten Tales Rescue in California.
mind2web-web-1612,m2w_domain,Mind2Web,test,petfinder,web,"Find British Shorthair adult cats that are available for adoption nearest to  Naperville, IL."
mind2web-web-1613,m2w_domain,Mind2Web,test,petfinder,web,Find male black Labrador Retriver.
mind2web-web-1614,m2w_domain,Mind2Web,test,zocdoc,web,"Book in-person couples therapy with female doctor within 10 miles of Brooklyn, New York, for myself and my partner with the United Healthcare choice plus plan on March 23, 2023."
mind2web-web-1615,m2w_domain,Mind2Web,test,coinmarketcap,web,Search for Cardano and follow it.
mind2web-web-1616,m2w_domain,Mind2Web,test,coinmarketcap,web,Find the list of upcoming Ethereum Eco ICO's
mind2web-web-1617,m2w_domain,Mind2Web,test,coinmarketcap,web,Show holders data for 3 months for Bitcoin.
mind2web-web-1618,m2w_domain,Mind2Web,test,coinmarketcap,web,Show me the list of NFT Upcoming Sales.
mind2web-web-1619,m2w_domain,Mind2Web,test,coinmarketcap,web,Find all exchange events starting from April 17
mind2web-web-1620,m2w_domain,Mind2Web,test,coinmarketcap,web,Calculate value of 1 Ethereum to USD.
mind2web-web-1621,m2w_domain,Mind2Web,test,coinmarketcap,web,Add Tether to the main watchlist.
mind2web-web-1622,m2w_domain,Mind2Web,test,zocdoc,web,Find the earliest appointment for orthopedic surgeon in 10001 who accepts Cigna Medicare Access Insurance and treats pain in spine and back.
mind2web-web-1623,m2w_domain,Mind2Web,test,zocdoc,web,Browse dentists who are available in the afternoon.
mind2web-web-1624,m2w_domain,Mind2Web,test,zocdoc,web,"Book a dentist within 50  miles in Texas City, Texas, on March 30  with Cigna - savings plus plan and book an appointment at 2:30 pm."
mind2web-web-1625,m2w_domain,Mind2Web,test,extraspace,web,"Find a STORAGE UNITS IN COLORADO SPRINGS, CO that offeres inclosed vehicle storage."
mind2web-web-1626,m2w_domain,Mind2Web,test,extraspace,web,Find the closest vehicle EXTRA SPACE STORAGE FACILITIES NEAR 32541.
mind2web-web-1627,m2w_domain,Mind2Web,test,weather,web,"Check the air quality index (AQI) details for Denver, CO."
mind2web-web-1628,m2w_domain,Mind2Web,test,apartments,web,search for the lowest apartment in Detroit for student
mind2web-web-1629,m2w_domain,Mind2Web,test,stocktwits,web,Find the top ranked stocks and filter them by most watchers.
mind2web-web-1630,m2w_domain,Mind2Web,test,stocktwits,web,Create an alert for the BUD symbol
mind2web-web-1631,m2w_domain,Mind2Web,test,landwatch,web,Find a home for action with smallest area in Oklahoma and save it.
mind2web-web-1632,m2w_domain,Mind2Web,test,landwatch,web,Contact the seller of the cheapest hunting land in Georgia
mind2web-web-1633,m2w_domain,Mind2Web,test,umich.edu,web,Find the results of the Michigan vs. Colorado State football game played on Sep 3rd
mind2web-web-1634,m2w_domain,Mind2Web,test,umich.edu,web,Find the list of men's soccer camps and clinics
mind2web-web-1635,m2w_domain,Mind2Web,test,umich.edu,web,"Find the list of exhibitions, workshops and seminars at the museum of art from April 5 to April 12"
mind2web-web-1636,m2w_domain,Mind2Web,test,umich.edu,web,Find the Arrest and Citation Statistics from the University of Michigan Division of Public Safety and Security (DPSS)
mind2web-web-1637,m2w_domain,Mind2Web,test,umich.edu,web,Find the registration deadline(s) for Academic Term Fall 2024
mind2web-web-1638,m2w_domain,Mind2Web,test,umich.edu,web,"Find the tuition rates for the 2022-2023 Academic Year, College of Pharmacy, Full Term, Undergraduate Level of Study"
mind2web-web-1639,m2w_domain,Mind2Web,test,umich.edu,web,find the Event Description of NIKE Basket Ball Camps at crestwood High School
mind2web-web-1640,m2w_domain,Mind2Web,test,webmd,web,Find the page with information about tests for food allergies.
mind2web-web-1641,m2w_domain,Mind2Web,test,webmd,web,Search symptoms for 30 year old woman with toothache.
mind2web-web-1642,m2w_domain,Mind2Web,test,webmd,web,Search for the interactions between ibuprofen and aspirin.
mind2web-web-1643,m2w_domain,Mind2Web,test,babycenter,web,Find the Fertile Days assuming last period starts at March 8th.
mind2web-web-1644,m2w_domain,Mind2Web,test,babycenter,web,What are my fertile days if I have a 22 day cycle and the first day of my last period was april 3?
mind2web-web-1645,m2w_domain,Mind2Web,test,usnews.education,web,Look up UCLA
mind2web-web-1646,m2w_domain,Mind2Web,test,usnews.education,web,Find highest ranked part-time law programs in California for a LSAT score of 140
mind2web-web-1647,m2w_domain,Mind2Web,test,usnews.education,web,Find colleges with a microbiology major located in China.
mind2web-web-1648,m2w_domain,Mind2Web,test,glassdoor,web,Calculate the salary of an Assitant Store manager in New York with an experience of 1-3 years in manufacturing and rate the accuracy of the result as the right one.
mind2web-web-1649,m2w_domain,Mind2Web,test,glassdoor,web,"Find out data scientist salary in California for no experienced candidate in the IT industry, view open jobs in the top paying company, and follow the company to get in touch."
mind2web-web-1650,m2w_domain,Mind2Web,test,glassdoor,web,Find average salary of Senior Bioinformatician and compare it with the highest paid in different locations.
mind2web-web-1651,m2w_domain,Mind2Web,test,ohiomeansjobs.ohio.gov,web,Browse jobs involving dogs and filter by training oppourtunities
mind2web-web-1652,m2w_domain,Mind2Web,test,osu.edu,web,Show me the schedule of the libraries.
mind2web-web-1653,m2w_domain,Mind2Web,test,osu.edu,web,Show me the Residence Halls photo gallery.
mind2web-web-1654,m2w_domain,Mind2Web,test,osu.edu,web,Open login page for online applications.
mind2web-web-1655,m2w_domain,Mind2Web,test,osu.edu,web,Check the Academic Calendar.
mind2web-web-1656,m2w_domain,Mind2Web,test,osu.edu,web,Find the cost of the Master of Science in Biomedical engineering course
mind2web-web-1657,m2w_domain,Mind2Web,test,osu.edu,web,I want to learn more about Venture Development.
mind2web-web-1658,m2w_domain,Mind2Web,test,student,web,Find a property near American University with lowest price and add to wishlist.
mind2web-web-1659,m2w_domain,Mind2Web,test,student,web,What is the entire place to rent closest to Oxford school of english that is only available to students
mind2web-web-1660,m2w_domain,Mind2Web,test,coursera.org,web,Check the requirements for Admission for Bsc Computer Science in the University of London
mind2web-web-1661,m2w_domain,Mind2Web,test,coursera.org,web,Find a course that provides a certificate of completion in the Data Analysis field.
mind2web-web-1662,m2w_domain,Mind2Web,test,movoto,web,"Search for single family homes in Yorkville, IL with 2 bedrooms and 1 bathroom for a budget between $100,000 and $200,000."
mind2web-web-1663,m2w_domain,Mind2Web,test,movoto,web,Browse condos under $500k that has 2 bathrooms
mind2web-web-1664,m2w_domain,Mind2Web,test,movoto,web,"Calculate the monthly payment for a home price of $450,800 with 30% down payment and 20 years fixed loan type at zip code 60510."
mind2web-web-1665,m2w_domain,Mind2Web,test,movoto,web,"Find refinance mortgage rate for 15 years for a duplex in zip 00816 with a property value of 475000, a loan amount of 250,000, a credit score of 700-719 and no mortage points."
mind2web-web-1666,m2w_domain,Mind2Web,test,movoto,web,"Calculate monthly mortgage payments for a home in 93727 with 25000 or 6%  down on a $472,450 home at 6% interest for 30 Years Fixed"
mind2web-web-1667,m2w_domain,Mind2Web,test,movoto,web,Find the lowest-priced new apartment for rent with 2 bathrooms and 2 bedrooms within 30 miles of zip 10001 and save the home.
mind2web-web-1668,m2w_domain,Mind2Web,test,extraspace,web,Locate a self storage unit near zip code 60538 that can fit about a dorm room full of items and is climate controlled.
mind2web-web-1669,m2w_domain,Mind2Web,test,extraspace,web,Browse climate-controlled units at a Extra Space Storage Facility near zip code 10019
mind2web-web-1670,m2w_domain,Mind2Web,test,extraspace,web,Finda small Vehicle storage facility in Lincon park Michigan for rent.
mind2web-web-1671,m2w_domain,Mind2Web,test,landwatch,web,Look for the largest hunting land for auction in Kansas high plain region with mineral rights posted in the last seven days.
mind2web-web-1672,m2w_domain,Mind2Web,test,landwatch,web,"Find land for sale with house with 0.21 acres and price 55000 near Charleston, AR"
mind2web-web-1673,m2w_domain,Mind2Web,test,landwatch,web,"Find popular Ohio Undeveloped Land for sale and contact seller, with name James Smith, phone number 8888888888, and message Visit timings"
mind2web-web-1674,m2w_domain,Mind2Web,test,landwatch,web,"Search available timberland between 50 to 100 acres in Georgia for sale listed in the last seven days, and contact the seller of the cheapest land with my details with name of James Smith, email address of buckeye.foobar@gmail.com and phone number of 52465235214."
mind2web-web-1675,m2w_domain,Mind2Web,test,adoptapet,web,Find a shelter for rabbits and small anmimals within 100 miles of zip 77084.
mind2web-web-1676,m2w_domain,Mind2Web,test,adoptapet,web,Browse Siamese cats within a 50-mile radius of 90028.
mind2web-web-1677,m2w_domain,Mind2Web,test,redfin,web,"Show all the properties available in 10017 Zip code below $300,000 from lowest price first."
mind2web-web-1678,m2w_domain,Mind2Web,test,redfin,web,"Find a list of all properties sold in Bluff, UT within the past 1 year"
mind2web-web-1679,m2w_domain,Mind2Web,test,redfin,web,Find a home for rent with swimming pool and 3 beds in San Francisco.
mind2web-web-1680,m2w_domain,Mind2Web,test,student,web,view cheapest apartment available for student in the university of Leeds with WIFI and cleaning services.
mind2web-web-1681,m2w_domain,Mind2Web,test,reddit,web,Show me the food posts on reddit with most comments
mind2web-web-1682,m2w_domain,Mind2Web,test,reddit,web,Follow the most relevant post from last year regarding covid
mind2web-web-1683,m2w_domain,Mind2Web,test,webmd,web,Find symptoms of sleep apnea
mind2web-web-1684,m2w_domain,Mind2Web,test,akc.org,web,Find the coat type of a beagle.
mind2web-web-1685,m2w_domain,Mind2Web,test,allrecipes,web,Find a 5 star pork recipe and favorite it.
mind2web-web-1686,m2w_domain,Mind2Web,test,allrecipes,web,Search for a recipe for Lemon Bar with the most number of ratings.
mind2web-web-1687,m2w_domain,Mind2Web,test,allrecipes,web,Find a 5 star Filipino dessert recipe.
mind2web-web-1688,m2w_domain,Mind2Web,test,allrecipes,web,Browse recipes that has sweet potato as the main ingredient.
mind2web-web-1689,m2w_domain,Mind2Web,test,allrecipes,web,Save a coffee mocha recipe.
mind2web-web-1690,m2w_domain,Mind2Web,test,ca.gov,web,Apply for birth certificate.
mind2web-web-1691,m2w_domain,Mind2Web,test,ca.gov,web,Find a voting location in Los Angeles county.
mind2web-web-1692,m2w_domain,Mind2Web,test,ca.gov,web,Find the requirement to obtain a seller's permit.
mind2web-web-1693,m2w_domain,Mind2Web,test,ca.gov,web,Find out the current minimum wage rate in California.
mind2web-web-1694,m2w_domain,Mind2Web,test,ca.gov,web,Browse a list of San Jose schools.
mind2web-web-1695,m2w_domain,Mind2Web,test,ca.gov,web,Start the process to file for unemployment
mind2web-web-1696,m2w_domain,Mind2Web,test,coursera.org,web,Find a list of free beginners health courses.
mind2web-web-1697,m2w_domain,Mind2Web,test,craigslist.org,web,"Find the newest furniture for sale as a list in Chicago by hiding the duplicate ads, show only those who accept cryptocurrency, and save the list."
mind2web-web-1698,m2w_domain,Mind2Web,test,extraspace,web,Find the additional amenities for the most expensive storage unit near Berkley California.
mind2web-web-1699,m2w_domain,Mind2Web,test,extraspace,web,"Find a vehicle storage which is enclosed near Chicago, Illinois."
mind2web-web-1700,m2w_domain,Mind2Web,test,extraspace,web,"FIND STORAGE WITH ELEVATOR ACCESS IN WASHINGTON, DC"
mind2web-web-1701,m2w_domain,Mind2Web,test,glassdoor,web,"Check the salary range for a marketing manager position in Columbus, OH."
mind2web-web-1702,m2w_domain,Mind2Web,test,glassdoor,web,"Find a full-time job as a copywriter within 50 miles of Mumbai posted in the last seven days (as recent as possible) with easy apply option, save the most recent job."
mind2web-web-1703,m2w_domain,Mind2Web,test,glassdoor,web,"Find job openings for software engineers in Seattle, WA."
mind2web-web-1704,m2w_domain,Mind2Web,test,twitter,web,Retweet the latest tweet from AOC.
mind2web-web-1705,m2w_domain,Mind2Web,test,twitter,web,Rate a topic from trending topics as something I'm not interested.
mind2web-web-1706,m2w_domain,Mind2Web,test,twitter,web,Follow Elon Musk on twitter.
mind2web-web-1707,m2w_domain,Mind2Web,test,babycenter,web,Calculate Pregnancy Weight Gain for a 5 weeks pregnancy with a 169lb weight before pregnancy and a 175lb after pregnancy with a 5.6ft height.
mind2web-web-1708,m2w_domain,Mind2Web,test,babycenter,web,React with a heart to a comment regarding baby bathing from the past year
mind2web-web-1709,m2w_domain,Mind2Web,test,akc.org,web,Find obedience trials in state of New York during the month of May
mind2web-web-1710,m2w_domain,Mind2Web,test,akc.org,web,"Compare the breeds Afghan Hound, Akita and Azawakh"
mind2web-web-1711,m2w_domain,Mind2Web,test,akc.org,web,Find the playful level of a corgi.
mind2web-web-1712,m2w_domain,Mind2Web,test,glassdoor,web,"Compare Tata consultancy services and Infosys, view job openings in the higher rated company and then follow."
mind2web-web-1713,m2w_domain,Mind2Web,test,glassdoor,web,Find job postings that have a location in Maine and a salary of 50k or higher.
mind2web-web-1714,m2w_domain,Mind2Web,test,ca.gov,web,"Access the getting services portal to apply for food stamps in Los Angeles for Jane Martin who is English speaking high school student, with a disability and normal hearing, and lives in 123 Main Street, Los Angeles, CA at Alameda county with zip code 90001."
mind2web-web-1715,m2w_domain,Mind2Web,test,ca.gov,web,Look up a bill using the bill number AB1548.
mind2web-web-1716,m2w_domain,Mind2Web,test,ca.gov,web,Register to vote in California as a first-time voter.
mind2web-web-1717,m2w_domain,Mind2Web,test,ca.gov,web,Show me the profile and contact information for the Office of Administrative Law.
mind2web-web-1718,m2w_domain,Mind2Web,test,indeed,web,"See if any part-time remote  job is available within 10 miles of Bradley county, Tennessee for entry-level workers and apply the most recently posted one if a job is available."
mind2web-web-1719,m2w_domain,Mind2Web,test,indeed,web,"Find a job to save, posted in the last 7 days in Kohima, Nagaland for a bachelor's degree holder with a salary of at least 25k per month."
mind2web-web-1720,m2w_domain,Mind2Web,test,indeed,web,Search for nutritionist jobs in Ohio.
mind2web-web-1721,m2w_domain,Mind2Web,test,indeed,web,"Search for a part-time job in the healthcare industry in Essex, which is posted in the last 24 hours posted by an employer, who is willing to pay above 20000 pounds and above and report the recently posted job as fake."
mind2web-web-1722,m2w_domain,Mind2Web,test,babycenter,web,"Find the best baby blanket products for baby's sleep made from muslin, and tag the article as helpful."
mind2web-web-1723,m2w_domain,Mind2Web,test,babycenter,web,"See the prediction about the girl child's height, whose current height at seven years is 4 feet and whose weight is 55 lbs, her mother is 5 feet 2, and her father is 5 feet 8."
mind2web-web-1724,m2w_domain,Mind2Web,test,coinmarketcap,web,Convert $50 to dogecoin
mind2web-web-1725,m2w_domain,Mind2Web,test,coinmarketcap,web,Browse the list of spot exchanges sorted by 24-hour trade volume.
mind2web-web-1726,m2w_domain,Mind2Web,test,coinmarketcap,web,Filter the list of cryptocurrencies by reputation and select the one with the highest % change in the last 24 hours.
mind2web-web-1727,m2w_domain,Mind2Web,test,coinmarketcap,web,check the top trending coins within the last seven days
mind2web-web-1728,m2w_domain,Mind2Web,test,accuweather,web,"View probability of Migraine in Salt Lake City, UT for the next week."
mind2web-web-1729,m2w_domain,Mind2Web,test,healthgrades,web,Find a primary care physician is within 1 mile from the city center of Chicago.
mind2web-web-1730,m2w_domain,Mind2Web,test,healthgrades,web,Find a Hospital for Bariatric Surgery with good ratings.
mind2web-web-1731,m2w_domain,Mind2Web,test,healthgrades,web,Browse pediatricians near zip code 90028 who specializes in Internal Medicine and has a rating of at least 4 stars.
mind2web-web-1732,m2w_domain,Mind2Web,test,healthgrades,web,"Browse primary care physician who are accepting new patients, rated above 4 stars, and specialize in internal medicine."
mind2web-web-1733,m2w_domain,Mind2Web,test,landwatch,web,Like the newest lakefront property with over 4000 sq ft to buy in Georgia
mind2web-web-1734,m2w_domain,Mind2Web,test,landwatch,web,"Find the features of hunting land near Presho, SD"
mind2web-web-1735,m2w_domain,Mind2Web,test,accuweather,web,"find the Monthly forecast for Manchester, GB for May"
mind2web-web-1736,m2w_domain,Mind2Web,test,adoptapet,web,Set a alert for Belgian Shepherd Dog for 10017 zip code with abc@abc.com.
mind2web-web-1737,m2w_domain,Mind2Web,test,adoptapet,web,Find a male senior boxer near zip code 90028.
mind2web-web-1738,m2w_domain,Mind2Web,test,pensketruckrental,web,Check the price for renting a high-roof cargo van to pick up items from Dayton and drop them off at Texas City on March 31.
mind2web-web-1739,m2w_domain,Mind2Web,test,pensketruckrental,web,"Find a latest job as a truck driver in Rochester, New York and apply."
mind2web-web-1740,m2w_domain,Mind2Web,test,petfinder,web,Find the page with information about Dog and Puppy Grooming.
mind2web-web-1741,m2w_domain,Mind2Web,test,petfinder,web,"Sign up to give a $10 monthly donation to Petfinder Foundation using credit card number: 5555555555555555, Expiration date: 12/2036, Security code: 555, Name: Jane Doe"
mind2web-web-1742,m2w_domain,Mind2Web,test,usps,web,Find the closest post office within 10 miles of zip code 90210
mind2web-web-1743,m2w_domain,Mind2Web,test,usps,web,Order Priority Mail padded envelopes
mind2web-web-1744,m2w_domain,Mind2Web,test,webmd,web,What are the causes of Circadian Rhythm Disorder
mind2web-web-1745,m2w_domain,Mind2Web,test,webmd,web,Find the drug intraction of CHROMIUM
mind2web-web-1746,m2w_domain,Mind2Web,test,ohiomeansjobs.ohio.gov,web,Find a workshop program for preparing interview
mind2web-web-1747,m2w_domain,Mind2Web,test,ohiomeansjobs.ohio.gov,web,"Find a government job in the education industry as a teacher in Dayton, Ohio and apply."
mind2web-web-1748,m2w_domain,Mind2Web,test,webmd,web,Compare the price of two medications for pain management
mind2web-web-1749,m2w_domain,Mind2Web,test,webmd,web,"Find the best Audiologist within 50 miles of Jackson, Michigan, with a rating of 4 and above."
mind2web-web-1750,m2w_domain,Mind2Web,test,accuweather,web,Check the minutecast for Los Angeles.
mind2web-web-1751,m2w_domain,Mind2Web,test,accuweather,web,"View the wind flow map for Utah, the  United States without contours."
mind2web-web-1752,m2w_domain,Mind2Web,test,accuweather,web,"Find the SO2 air quality over the last 24 hours for Maine North, County Cork, Ireland."
mind2web-web-1753,m2w_domain,Mind2Web,test,landwatch,web,"Find an agent in Orange County, FL and contact seller. Name: James SMith, Phone: 8888888888, Email: buckeye.foobar@gmail.com. Content:"
mind2web-web-1754,m2w_domain,Mind2Web,test,landwatch,web,"Show me land for sale in Nashville, Tennessee"
mind2web-web-1755,m2w_domain,Mind2Web,test,landwatch,web,"Get owner-financing homesite land for sale in New Mexico, Luna County,  listed in the last 30 days, and contact the cheapest per acre land seller."
mind2web-web-1756,m2w_domain,Mind2Web,test,landwatch,web,"Find the contact details of the seller of the land near Rocksprings, TX"
mind2web-web-1757,m2w_domain,Mind2Web,test,landwatch,web,Play the video of the most expensive land available for sale in texas
mind2web-web-1758,m2w_domain,Mind2Web,test,ca.gov,web,Find an application for low-cost health insurance.
mind2web-web-1759,m2w_domain,Mind2Web,test,ca.gov,web,"Find out who the representative in the state Senate is for 2043 E Lewis Ave, Fresno, 93701, CA."
mind2web-web-1760,m2w_domain,Mind2Web,test,ca.gov,web,Find the eligiblity requiremetns for a Cal grant.
mind2web-web-1761,m2w_domain,Mind2Web,test,ca.gov,web,Find out how to apply for a Birth Certificate
mind2web-web-1762,m2w_domain,Mind2Web,test,ca.gov,web,Find the fees for a new California driver's license.
mind2web-web-1763,m2w_domain,Mind2Web,test,healthgrades,web,"Browse dermatologists in Columbus, OH who speak Spanish and is available for an appointment tomorrow."
mind2web-web-1764,m2w_domain,Mind2Web,test,healthgrades,web,Find neurologist in New York with highest rating.
mind2web-web-1765,m2w_domain,Mind2Web,test,healthgrades,web,"Find a nearby doctor with a 5-star rating for allergy-related problems and initial consultation within 10 miles of Stamford, Connecticut, and schedule an appointment on April 13, 11 am, for which I am paying. My date of birth is 1995-05-05"
mind2web-web-1766,m2w_domain,Mind2Web,test,zocdoc,web,Search for female optometrists.
mind2web-web-1767,m2w_domain,Mind2Web,test,zocdoc,web,Find a female Dermatologist in 10001.
mind2web-web-1768,m2w_domain,Mind2Web,test,zocdoc,web,Find eye doctors within a mile of 07055 who are available in evening from Mar 13 onwards
mind2web-web-1769,m2w_domain,Mind2Web,test,bbb.org,web,Get directions to the BBB main office in Milwaukee Wisconsin.
mind2web-web-1770,m2w_domain,Mind2Web,test,bbb.org,web,Search for cash app scams.
mind2web-web-1771,m2w_domain,Mind2Web,test,akc.org,web,Find a dog hunting test event for the dog in Texas on March 25 and add this event to the google calendar.
mind2web-web-1772,m2w_domain,Mind2Web,test,akc.org,web,Recommend some cute female dog names starting with T
mind2web-web-1773,m2w_domain,Mind2Web,test,akc.org,web,"Find agility and obedience companion events for All American Dogs within a 100 miles of Brighton, AL from May 15, 2023 to May 30, 2024"
mind2web-web-1774,m2w_domain,Mind2Web,test,finance.google,web,Check price of Ether and compare with Bitcoin.
mind2web-web-1775,m2w_domain,Mind2Web,test,finance.google,web,Find the key events from for the top stock in the Losers list.
mind2web-web-1776,m2w_domain,Mind2Web,test,finance.google,web,"Create a new portfolio called Tech Stocks and add Microsoft with quantity of 1
 to it"
mind2web-web-1777,m2w_domain,Mind2Web,test,webmd,web,Browse the page with types of birth control.
mind2web-web-1778,m2w_domain,Mind2Web,test,webmd,web,Look for a Doctor for Stomach Pain in San Antonio.
mind2web-web-1779,m2w_domain,Mind2Web,test,webmd,web,What is the treatment for the pediatric condition clubfoot?
mind2web-web-1780,m2w_domain,Mind2Web,test,webmd,web,Show me the user reviews for a drug for Herpes zoster
mind2web-web-1781,m2w_domain,Mind2Web,test,webmd,web,"Find a best physician for kidney stone removal specialized on nephrology within 0-4 miles of Austin, Teaxs, who is rated 5 and above."
mind2web-web-1782,m2w_domain,Mind2Web,test,akc.org,web,Find a list of articles about vitamins and supplements for dogs.
mind2web-web-1783,m2w_domain,Mind2Web,test,akc.org,web,Find a female Akita puppy in Chicago.
mind2web-web-1784,m2w_domain,Mind2Web,test,akc.org,web,Find AKC judges having last name Williams in the state of Alaska
mind2web-web-1785,m2w_domain,Mind2Web,test,usps,web,Track a package that is out for delivery with tracking number 90019847161684486.
mind2web-web-1786,m2w_domain,Mind2Web,test,usps,web,"Find a  post office for within 50 miles of zip 84043, if more than one found than sort it on general delivery, passport appointment, and greeting card service availibiliy and view the details of that post office."
mind2web-web-1787,m2w_domain,Mind2Web,test,finance.yahoo,web,Find the current stock price and market trends for Apple Inc.
mind2web-web-1788,m2w_domain,Mind2Web,test,finance.yahoo,web,Find price of gold and follow.
mind2web-web-1789,m2w_domain,Mind2Web,test,finance.yahoo,web,Find the page with information about important dates for small business taxes.
mind2web-web-1790,m2w_domain,Mind2Web,test,finance.yahoo,web,Find the hiring trends for Tesla
mind2web-web-1791,m2w_domain,Mind2Web,test,usps,web,"Find political every door direct mail service in zip 04401, choose the top 5 routes with the most residences, and checkout."
mind2web-web-1792,m2w_domain,Mind2Web,test,usps,web,Find a self service kiosk within 10 miles of zip code 10019
mind2web-web-1793,m2w_domain,Mind2Web,test,usps,web,"Buy the latest USPS cars and truck toys as a gift for my nephew, and add the top-most result in the cart and check out."
mind2web-web-1794,m2w_domain,Mind2Web,test,usps,web,"Calculate retail flat rate boxes postage prices of the parcel to be sent from zip 46298 to 06057 between 11 to 11:30 am on 14 April, and choose large flat rate priority mail box with certified mail and return receipt."
mind2web-web-1795,m2w_domain,Mind2Web,test,usps,web,Buy a book of 20 Forever Stamps
mind2web-web-1796,m2w_domain,Mind2Web,test,reddit,web,Crosspost the newest post about nature on the NationalPark community as a spoiler
mind2web-web-1797,m2w_domain,Mind2Web,test,movoto,web,Get the quote for a plumbing service.
mind2web-web-1798,m2w_domain,Mind2Web,test,movoto,web,Find a three bedroom three bath home for sale in Anchorage Alaska with an upcoming open house.
mind2web-web-1799,m2w_domain,Mind2Web,test,movoto,web,Browse 3 bedroom homes have a pool and favorite one
mind2web-web-1800,m2w_domain,Mind2Web,test,movoto,web,Show me the list of brokers in Las Vegas.
mind2web-web-1801,m2w_domain,Mind2Web,test,akc.org,web,Find the nearest vet within 50 miles of zip 75228.
mind2web-web-1802,m2w_domain,Mind2Web,test,akc.org,web,Register a purebred dog for a new owner.
mind2web-web-1803,m2w_domain,Mind2Web,test,akc.org,web,Show me the comparison between Affenpinscher and Afghan Hound.
mind2web-web-1804,m2w_domain,Mind2Web,test,student,web,Select a room in the closest property to the bristol school of acting that cost less than $300 and check the availability.
mind2web-web-1805,m2w_domain,Mind2Web,test,weather,web,Find the hourly forecast for zip code 90210.
mind2web-web-1806,m2w_domain,Mind2Web,test,weather,web,Find the monthly forecast for zip code 90028.
mind2web-web-1807,m2w_domain,Mind2Web,test,redfin,web,Calculate what a 30 year fixed rate mortgage monthly payment would be for a $500k home purchase with $100k down in zip code 85747
mind2web-web-1808,m2w_domain,Mind2Web,test,redfin,web,"Calculate how much rent I can afford with annual income $130,000 in Chicago, IL."
mind2web-web-1809,m2w_domain,Mind2Web,test,redfin,web,"Calculate the Mortgage of a $500,000 home with a down payment of $200,000 for a fixed duration of 15 years in Houston, Texas."
mind2web-web-1810,m2w_domain,Mind2Web,test,health.usnews,web,Go to list of high protein based diets.
mind2web-web-1811,m2w_domain,Mind2Web,test,health.usnews,web,Find a thoracic surgeon near Omaha Nebraska.
mind2web-web-1812,m2w_domain,Mind2Web,test,health.usnews,web,Browse the ranking of best cancer hospitals.
mind2web-web-1813,m2w_domain,Mind2Web,test,health.usnews,web,Find a breakfast  recipe from the best weight loss  diet for 2023.
mind2web-web-1814,m2w_domain,Mind2Web,test,health.usnews,web,Find the medical review board for Pharmacy.
mind2web-web-1815,m2w_domain,Mind2Web,test,health.usnews,web,"Find a female physician in Houston, TX who specializes in Cardiology."
mind2web-web-1816,m2w_domain,Mind2Web,test,extraspace,web,"Add 2 quantity of 5/16"" 12""x30 Bubble Wrap to cart"
mind2web-web-1817,m2w_domain,Mind2Web,test,extraspace,web,Find large parking spot for an RV in Atlanta.
mind2web-web-1818,m2w_domain,Mind2Web,test,extraspace,web,Find a self storage in 32541 that offers indoor storage and first month free.
mind2web-web-1819,m2w_domain,Mind2Web,test,akc.org,web,Find the average size of a golden retriever.
mind2web-web-1820,m2w_domain,Mind2Web,test,pensketruckrental,web,Use the Moving Truck Wizard to find the right size truck to move 1 three seat sofa and 1 double bed then start a quote
mind2web-web-1821,m2w_domain,Mind2Web,test,pensketruckrental,web,"Find truck rental locations near Dallas, Texas"
mind2web-web-1822,m2w_domain,Mind2Web,test,pensketruckrental,web,Locate a cheapest 10 x 10 feet storage rental near zip 02155 with 24 hour access facility.
mind2web-web-1823,m2w_domain,Mind2Web,test,pensketruckrental,web,Show me the comparison between available truck types.
mind2web-web-1824,m2w_domain,Mind2Web,test,pensketruckrental,web,Find Truck Rental services near Seattle.
mind2web-web-1825,m2w_domain,Mind2Web,test,thumbtack,web,Message the fastest handymen near 13020 available for a full day project
mind2web-web-1826,m2w_domain,Mind2Web,test,babycenter,web,What is the chinese gender prediction for someone who conceived in may at 22 years old?
mind2web-web-1827,m2w_domain,Mind2Web,test,babycenter,web,search Hebrew biblical name for boys that begins with letter J
mind2web-web-1828,m2w_domain,Mind2Web,test,babycenter,web,Find and show information about an African name that starts with A and ends with U that is not on the top 100 names
mind2web-web-1829,m2w_domain,Mind2Web,test,babycenter,web,Find the Age-by-age guide to feeding your toddler less than 2 years
mind2web-web-1830,m2w_domain,Mind2Web,test,healthgrades,web,"Look for the closest hospital near me for urgent care within 10 miles of New York, and view the profile to discover the contact number."
mind2web-web-1831,m2w_domain,Mind2Web,test,student,web,Find a lowest priced  Student housing near Liverpool International college which has been priced between 100 to 300 pound and has private bathroom.
mind2web-web-1832,m2w_domain,Mind2Web,test,gov.uk,web,Find the eligibility to get the Adult Passport
mind2web-web-1833,m2w_domain,Mind2Web,test,gov.uk,web,What are the most relevant news and communications about vaccination updated after 2023?
mind2web-web-1834,m2w_domain,Mind2Web,test,gov.uk,web,"What are the benefits and financial support a single person, living in enlang, over the state pension age, unemployed, with no health conditions nor caring for someone with one, can get?"
mind2web-web-1835,m2w_domain,Mind2Web,test,gov.uk,web,Check if visa is required to work in UK for longer than 6 months in Healthcare as an American citizen.
mind2web-web-1836,m2w_domain,Mind2Web,test,gov.uk,web,Show me information about voting for those who live abroad.
mind2web-web-1837,m2w_domain,Mind2Web,test,gov.uk,web,"Estimate the Income Tax for the current year for a person over the state pension age, who doesn't pay the Scottish Income Tax rate and receives £1,000  per week"
mind2web-web-1838,m2w_domain,Mind2Web,test,gov.uk,web,Find a latest article of Brexit regarding regulations.
mind2web-web-1839,m2w_domain,Mind2Web,test,epicurious,web,Find a gluten free recipe containing chicken.
mind2web-web-1840,m2w_domain,Mind2Web,test,finance.yahoo,web,Chart the moving average of the Dow 30.
mind2web-web-1841,m2w_domain,Mind2Web,test,finance.yahoo,web,Show information about Most Active Penny Stocks.
mind2web-web-1842,m2w_domain,Mind2Web,test,finance.yahoo,web,Compare plans of Yahoo Finance Plus.
mind2web-web-1843,m2w_domain,Mind2Web,test,finance.yahoo,web,Look up the visitors trend for Apple stock
mind2web-web-1844,m2w_domain,Mind2Web,test,finance.yahoo,web,Follow the list for Most Active Penny Stocks
mind2web-web-1845,m2w_domain,Mind2Web,test,finance.yahoo,web,Find the IPO calendar.
mind2web-web-1846,m2w_domain,Mind2Web,test,careers.walmart,web,Find a job for military personnel in Sams club civil engeering as full-time salaried
mind2web-web-1847,m2w_domain,Mind2Web,test,babycenter,web,check out the best beds available for toddlers
mind2web-web-1848,m2w_domain,Mind2Web,test,babycenter,web,What are the community guidelines for the Debate Team group?
mind2web-web-1849,m2w_domain,Mind2Web,test,babycenter,web,Show me the best infant car seats
mind2web-web-1850,m2w_domain,Mind2Web,test,stocktwits,web,"Search for the Earnings taking place on Thurday, March 23, 2023."
mind2web-web-1851,m2w_domain,Mind2Web,test,stocktwits,web,Find the top ranked stocks and filter them by most active.
mind2web-web-1852,m2w_domain,Mind2Web,test,stocktwits,web,Add AMC stock to a watch list.
mind2web-web-1853,m2w_domain,Mind2Web,test,healthgrades,web,Browse dermatologists 10 miles near zip code 10019 and filter by only those who accept Medicare
mind2web-web-1854,m2w_domain,Mind2Web,test,healthgrades,web,Find side effects of Viagra Drug.
mind2web-web-1855,m2w_domain,Mind2Web,test,fedex,web,Navigate to the English Brazilian FedEx site.
mind2web-web-1856,m2w_domain,Mind2Web,test,fedex,web,"Calculate the shipping rates for a 10 pound package from Miami, FL to San Francisco, CA"
mind2web-web-1857,m2w_domain,Mind2Web,test,careers.walmart,web,Apply for the oldest full time Walmart Store Job available
mind2web-web-1858,m2w_domain,Mind2Web,test,careers.walmart,web,Search for jobs for nurses in anywhere
mind2web-web-1859,m2w_domain,Mind2Web,test,careers.walmart,web,Show me jobs in Silicon Valley that pay by the hour.
mind2web-web-1860,m2w_domain,Mind2Web,test,careers.walmart,web,Find full time jobs with Walmart Health which are updated recently.
mind2web-web-1861,m2w_domain,Mind2Web,test,careers.walmart,web,Open page with information about Associate Resource Groups for Diversity and Inclusion.
mind2web-web-1862,m2w_domain,Mind2Web,test,careers.walmart,web,Show the latest opportunities available for new graduates.
mind2web-web-1863,m2w_domain,Mind2Web,test,careers.walmart,web,Search for pharmaceutical jobs at Sam's Club.
mind2web-web-1864,m2w_domain,Mind2Web,test,redfin,web,Find a list of houses for sale in zip code 85747 with a private pool
mind2web-web-1865,m2w_domain,Mind2Web,test,redfin,web,Look up how much rent I can afford in the zip code 94587 with an annual gross income of $100k
mind2web-web-1866,m2w_domain,Mind2Web,test,redfin,web,"Find a home with maximum monthly payment of $10,000 and add to wishlist."
mind2web-web-1867,m2w_domain,Mind2Web,test,indeed,web,"Find remote software engineering jobs with a minimum salary of $100,000 per year."
mind2web-web-1868,m2w_domain,Mind2Web,test,ohiomeansjobs.ohio.gov,web,"Get a part-time job within 5 miles of Moscow, Idaho in the hotel and food industry, as a chef and head cook, and show jobs for corporate only."
mind2web-web-1869,m2w_domain,Mind2Web,test,udemy,web,Add the highest rated english java course to my cart
mind2web-web-1870,m2w_domain,Mind2Web,test,udemy,web,Find Unreal Engine game development courses with 17+ hours.
mind2web-web-1871,m2w_domain,Mind2Web,test,udemy,web,Search for the newest home workout English courses within 1 hour with subtitles for weight loss for beginners.
mind2web-web-1872,m2w_domain,Mind2Web,test,redfin,web,"Find an apartment for rent in Houston, Texas in the range between 1750 to 2750 dollars and sorted from lowest to highest square feet in table form."
mind2web-web-1873,m2w_domain,Mind2Web,test,weather,web,Find out if there are any current air quality alerts or warnings in effect for zip code 10019.
mind2web-web-1874,m2w_domain,Mind2Web,test,petfinder,web,Find large dogs available for adoption in Toronto.
mind2web-web-1875,m2w_domain,Mind2Web,test,petfinder,web,Show me the adult Afghan Hounds available for adoption.
mind2web-web-1876,m2w_domain,Mind2Web,test,student,web,Find a property in London with Bike Storage and Gym facilities with lowest price.
mind2web-web-1877,m2w_domain,Mind2Web,test,twitter,web,"Find Elon Musk's profile and start following, start notifications and like the latest tweet."
mind2web-web-1878,m2w_domain,Mind2Web,test,twitter,web,Favorite the newest tweet about the super bowl
mind2web-web-1879,m2w_domain,Mind2Web,test,twitter,web,Search for Football sport topic and follow top 5 people or organizations.
mind2web-web-1880,m2w_domain,Mind2Web,test,twitter,web,Open the section to create a new message.
mind2web-web-1881,m2w_domain,Mind2Web,test,twitter,web,Clear all the recent searched topics
mind2web-web-1882,m2w_domain,Mind2Web,test,twitter,web,Find a video about food and retweet it
mind2web-web-1883,m2w_domain,Mind2Web,test,twitter,web,Set the top trending topic in news as not interesting
mind2web-web-1884,m2w_domain,Mind2Web,test,twitter,web,Find Media Tweets by Bill Gates and like the latest tweet.
mind2web-web-1885,m2w_domain,Mind2Web,test,drugs,web,Identify a pill with pink color and oval shape with 894 5 number on it.
mind2web-web-1886,m2w_domain,Mind2Web,test,drugs,web,Print the Tylenol Side Effects page
mind2web-web-1887,m2w_domain,Mind2Web,test,drugs,web,Show me the latest FDA alerts.
mind2web-web-1888,m2w_domain,Mind2Web,test,drugs,web,Find the risk Summary of Metformin prescribed for a Pregnant woman.
mind2web-web-1889,m2w_domain,Mind2Web,test,drugs,web,Find available medical apps.
mind2web-web-1890,m2w_domain,Mind2Web,test,drugs,web,"Find the alternative alternative to the prescription drug ""Valtrex"" and compare prices at different pharmacies."
mind2web-web-1891,m2w_domain,Mind2Web,test,healthline,web,Find an article about type 2 diabetes and mark it as helpful and informative.
mind2web-web-1892,m2w_domain,Mind2Web,test,babycenter,web,Find the Vaccine schedule from Birth to 15 Months
mind2web-web-1893,m2w_domain,Mind2Web,test,babycenter,web,"Predict the height for a 8 year old boy that s 50lb and 4', and mother is 5' and father is 6'"
mind2web-web-1894,m2w_domain,Mind2Web,test,fedex,web,Order free shipping supplies
mind2web-web-1895,m2w_domain,Mind2Web,test,fedex,web,Get time for latest drop off from FedEx at Dollar General store near 49103.
mind2web-web-1896,m2w_domain,Mind2Web,test,fedex,web,Find Backlit Poster with 24x36 dimension of paper.
mind2web-web-1897,m2w_domain,Mind2Web,test,finance.google,web,Find the latest news about Netflix stock
mind2web-web-1898,m2w_domain,Mind2Web,test,healthgrades,web,"Take help from the depression appointment guide for an undiagnosed person for an in-person clinic visit within 1 mile of Denver, Colorado, the doctor must be a female with a 5-star rating and who accepts Cigna health insurance."
mind2web-web-1899,m2w_domain,Mind2Web,test,thumbtack,web,Search for furniture moving companies for moving 1 large item with stairs to load and unload within the same building near zip code 60504.
mind2web-web-1900,m2w_domain,Mind2Web,test,thumbtack,web,Find job openings in Thumbtack engineering which are virtual and based in united states
mind2web-web-1901,m2w_domain,Mind2Web,test,thumbtack,web,Find mold inspection recommended by professionals for April 26 in 07055
mind2web-web-1902,m2w_domain,Mind2Web,test,thumbtack,web,"Find a videographer service for concert performance on 10th, April for 1 day and video time of 1 hour, budget around 500 USD"
mind2web-web-1903,m2w_domain,Mind2Web,test,thumbtack,web,Find a plumber for toilet repair in 10001.
mind2web-web-1904,m2w_domain,Mind2Web,test,thumbtack,web,Find remote accountants for individual tax preparation
mind2web-web-1905,m2w_domain,Mind2Web,test,thumbtack,web,Find preferably female personal trainers for a client aged 37 in 07055
mind2web-web-1906,m2w_domain,Mind2Web,test,thumbtack,web,Request a quote from electrician for repair work on an outlet.
mind2web-web-1907,m2w_domain,Mind2Web,test,justice.gov,web,Find the page with information about hiring people with disabilities.
mind2web-web-1908,m2w_domain,Mind2Web,test,justice.gov,web,Show me more information about supporting communities after mass violence incidents.
mind2web-web-1909,m2w_domain,Mind2Web,test,justice.gov,web,View US Marshalls top 15 most wanted fugitives.
mind2web-web-1910,m2w_domain,Mind2Web,test,justice.gov,web,Find court decisions on the topic of attorney fees in January 2023
mind2web-web-1911,m2w_domain,Mind2Web,test,justice.gov,web,Find forms in the civil division related to radiation exposure.
mind2web-web-1912,m2w_domain,Mind2Web,test,justice.gov,web,Find DOJ careers and Search Jobs and view the latest job opening.
mind2web-web-1913,m2w_domain,Mind2Web,test,justice.gov,web,View the list of forms related to DEA showing 50 forms per page
mind2web-web-1914,m2w_domain,Mind2Web,test,justice.gov,web,Find a career opportunity in Attorney.
mind2web-web-1915,m2w_domain,Mind2Web,test,zocdoc,web,"Find an available doctor for in person visit in the morning, who specializes in Urology for kidney stone issues in Miami, Florida, on March 25, and  I am paying the bill myself."
mind2web-web-1916,m2w_domain,Mind2Web,test,uhaul,web,"Find the closest U-haul storage location to Anchorage, Alaska that offers small climate controlled storage units."
mind2web-web-1917,m2w_domain,Mind2Web,test,uhaul,web,Find truck rates in Chicago for pick up tomorrow (April 19).
mind2web-web-1918,m2w_domain,Mind2Web,test,uhaul,web,Add Apartment Kit moving boxes to the cart.
mind2web-web-1919,m2w_domain,Mind2Web,test,webmd,web,Search for ovulation calculator and enter Mar 1 as the first date of period and calculate the date of ovulation and pregnancy test day.
mind2web-web-1920,m2w_domain,Mind2Web,test,webmd,web,I want to know information about the diagnosis of depression
mind2web-web-1921,m2w_domain,Mind2Web,test,webmd,web,Find the types of vaccination for children
mind2web-web-1922,m2w_domain,Mind2Web,test,uhaul,web,Get a quote for a 15' truck rental for pick up in Birmingham Alabama on May 29th and dropoff in Mobil Alabama.
mind2web-web-1923,m2w_domain,Mind2Web,test,uhaul,web,Reserve an indoor storage unit that is medium at a u-haul facility in zip code 90001.
mind2web-web-1924,m2w_domain,Mind2Web,test,student,web,Find the facilities available in True Superior Apartment in Liverpool
mind2web-web-1925,m2w_domain,Mind2Web,test,adoptapet,web,Find a bulldog near zip code 90028 that was cared for by a private owner.
mind2web-web-1926,m2w_domain,Mind2Web,test,akc.org,web,Find a dog groomer for nail trimming within 100 miles of zip 10005 and message the owner of the top one.
mind2web-web-1927,m2w_domain,Mind2Web,test,akc.org,web,Compare a bulldog and a boxer.
mind2web-web-1928,m2w_domain,Mind2Web,test,reddit,web,Message the moderators of the community where the most relevant comment about cars comes from
mind2web-web-1929,m2w_domain,Mind2Web,test,reddit,web,Show me the posts with the most comments in the last year related to games.
mind2web-web-1930,m2w_domain,Mind2Web,test,reddit,web,"Search for ""anti aging"" posts which has most comments."
mind2web-web-1931,m2w_domain,Mind2Web,test,finance.yahoo,web,Show chart of Dogecoin for 6 months.
mind2web-web-1932,m2w_domain,Mind2Web,test,finance.yahoo,web,Check the 5-year performance chart for the S&P 500 index.
mind2web-web-1933,m2w_domain,Mind2Web,test,finance.yahoo,web,Search for the BTC symbol and show me its historical data
mind2web-web-1934,m2w_domain,Mind2Web,test,reddit,web,Show me the rising posts on reddit in a compact form
mind2web-web-1935,m2w_domain,Mind2Web,test,reddit,web,Find rising popular posts using compact view
mind2web-web-1936,m2w_domain,Mind2Web,test,pinterest,web,"Create a secret board called ""Home Decor Inspiration""."
mind2web-web-1937,m2w_domain,Mind2Web,test,pinterest,web,Mark all my messages as read.
mind2web-web-1938,m2w_domain,Mind2Web,test,pinterest,web,Create a Quotes board.
mind2web-web-1939,m2w_domain,Mind2Web,test,pinterest,web,"Create a board called ""Healthy Eating"" and save one healthy recipe."
mind2web-web-1940,m2w_domain,Mind2Web,test,dmv.virginia.gov,web,Find information about Crash Investigation classes.
mind2web-web-1941,m2w_domain,Mind2Web,test,dmv.virginia.gov,web,Open page to schedule an appointment for car knowledge test.
mind2web-web-1942,m2w_domain,Mind2Web,test,dmv.virginia.gov,web,Search the list of forms for drivers.
mind2web-web-1943,m2w_domain,Mind2Web,test,dmv.virginia.gov,web,Find the emergencies section in the practice test for a motorcycle license
mind2web-web-1944,m2w_domain,Mind2Web,test,dmv.virginia.gov,web,Find a driver training school in Dublin
mind2web-web-1945,m2w_domain,Mind2Web,test,dmv.virginia.gov,web,Find the guidelines for personalized plates
mind2web-web-1946,m2w_domain,Mind2Web,test,dmv.virginia.gov,web,Find and download form for Customer Concern Report.
mind2web-web-1947,m2w_domain,Mind2Web,test,dmv.virginia.gov,web,Find the late fees for car registration renewals
mind2web-web-1948,m2w_domain,Mind2Web,test,dmv.virginia.gov,web,Find the Driver License Eligibility Requirements
mind2web-web-1949,m2w_domain,Mind2Web,test,dmv.virginia.gov,web,Go to the Renew Vehicle Registration online service.
mind2web-web-1950,m2w_domain,Mind2Web,test,usnews.education,web,Find out the application fee for Harvard
mind2web-web-1951,m2w_domain,Mind2Web,test,usnews.education,web,Find a quiz to help in choosing a College Major.
mind2web-web-1952,m2w_domain,Mind2Web,test,usnews.education,web,Show me a list of graduate Chemical Engineering Programs organized by ranking.
mind2web-web-1953,m2w_domain,Mind2Web,test,usnews.education,web,Browse the Best High Schools ranking.
mind2web-web-1954,m2w_domain,Mind2Web,test,fedex,web,Calculate shipping rates for 2 medium box package with 25 pounds weight each shipping tuesday 28th March from New York to London.
mind2web-web-1955,m2w_domain,Mind2Web,test,akc.org,web,Open list of dog agility sport events.
mind2web-web-1956,m2w_domain,Mind2Web,test,akc.org,web,Find an available female Cane Carso puppy with champion bloodlines in Alabama and message the breeder.
mind2web-web-1957,m2w_domain,Mind2Web,test,reddit,web,Find popular posts in Chile and copy link of the top post
mind2web-web-1958,m2w_domain,Mind2Web,test,reddit,web,Join the r/answers community and set the notifications as frequent
mind2web-web-1959,m2w_domain,Mind2Web,test,reddit,web,Create a private community named mycommunity
mind2web-web-1960,m2w_domain,Mind2Web,test,petfinder,web,"Copy to clipboard the Share link for the Woody Feral Cat Support Group in Union City, CA"
mind2web-web-1961,m2w_domain,Mind2Web,test,petfinder,web,Find American Bulldog within 50 miles of 10001.
mind2web-web-1962,m2w_domain,Mind2Web,test,pinterest,web,Find a recipe for seafood pasta and share it on Twitter.
mind2web-web-1963,m2w_domain,Mind2Web,test,gov.uk,web,How to extend the Global Talent visa
mind2web-web-1964,m2w_domain,Mind2Web,test,gov.uk,web,Show me the newest information on covid 19 regarding aviation transport
mind2web-web-1965,m2w_domain,Mind2Web,test,health.usnews,web,Research Nursing Homes that accept medicare.
mind2web-web-1966,m2w_domain,Mind2Web,test,health.usnews,web,Look for a hospital in Phoenix that specializes in diabetes.
mind2web-web-1967,m2w_domain,Mind2Web,test,health.usnews,web,Find a medicare advantage plan
mind2web-web-1968,m2w_domain,Mind2Web,test,health.usnews,web,Find cardiologists in Alaska.
mind2web-web-1969,m2w_domain,Mind2Web,test,redfin,web,"Find the cheapest place for rent in Koreatown, Los Angeles, CA that is under $3000 and has at least 2 bedrooms."
mind2web-web-1970,m2w_domain,Mind2Web,test,justice.gov,web,View the staff profile for the director of  Office of Tribal Justice
mind2web-web-1971,m2w_domain,Mind2Web,test,justice.gov,web,Find latest publication of attorney general.
mind2web-web-1972,m2w_domain,Mind2Web,test,justice.gov,web,Find legal career openings for summer volunteer law students in the state of New York
mind2web-web-1973,m2w_domain,Mind2Web,test,justice.gov,web,Find the list of Attorney Generals of the United States sorted by oldest to newest
mind2web-web-1974,m2w_domain,Mind2Web,test,justice.gov,web,Find the contact information for  the oversight office that   has the power to conduct criminal investigations and possible prosecutions.
mind2web-web-1975,m2w_domain,Mind2Web,test,justice.gov,web,Show me the 2021 Annual Performance Report.
mind2web-web-1976,m2w_domain,Mind2Web,test,weather,web,View the past month's weather history for zip code 10019.
mind2web-web-1977,m2w_domain,Mind2Web,test,movoto,web,Browse 2 bedroom single family homes under $700k and sort by cheapest
mind2web-web-1978,m2w_domain,Mind2Web,test,movoto,web,"Find plumbing  services in zip 21012, sort it by highest rating, and get a quote from the top service provider."
mind2web-web-1979,m2w_domain,Mind2Web,test,movoto,web,Find a list of Movoto Agents in Freson California.
mind2web-web-1980,m2w_domain,Mind2Web,test,bbb.org,web,Request consultation from a nearest BBB-accredited personal injury lawyer who has a rating of A and above in New York.
mind2web-web-1981,m2w_domain,Mind2Web,test,student,web,Get a cheapest shared room to Taylor College in Sydney from September with at least 4 stars and heating facility.
mind2web-web-1982,m2w_domain,Mind2Web,test,glassdoor,web,View the posted salaries of SE Healthcare.
mind2web-web-1983,m2w_domain,Mind2Web,test,glassdoor,web,Create a job alerts for sales positions and also opt for email and other notifications.
mind2web-web-1984,m2w_domain,Mind2Web,test,ohiomeansjobs.ohio.gov,web,Browse part-time waiter jobs.
mind2web-web-1985,m2w_domain,Mind2Web,test,ohiomeansjobs.ohio.gov,web,Browse IT jobs and filter by Security clearance certificate
mind2web-web-1986,m2w_domain,Mind2Web,test,ohiomeansjobs.ohio.gov,web,Find a Job Center in Jefferson County
mind2web-web-1987,m2w_domain,Mind2Web,test,bbb.org,web,Find roofing contractors less than 5 miles from 10002
mind2web-web-1988,m2w_domain,Mind2Web,test,bbb.org,web,Fill a form and submit for accreditation in the name of Vito Carlone with business name Mafia services in zip code 60068 and whose email id is vito.carlone@godfather.com and phone numbr is 6571572589. Viro Carlone has been in business for more than six months.
mind2web-web-1989,m2w_domain,Mind2Web,test,theweathernetwork,web,"Check weather for 7 days at night for Vancouver, BC."
mind2web-web-1990,m2w_domain,Mind2Web,test,theweathernetwork,web,"Browse the Storm Hunters video gallery,"
mind2web-web-1991,m2w_domain,Mind2Web,test,theweathernetwork,web,"Show calendar of this month for Brooklyn, NY."
mind2web-web-1992,m2w_domain,Mind2Web,test,student,web,Show me only properties with promotions in one of the universities in Sydney
mind2web-web-1993,m2w_domain,Mind2Web,test,student,web,"Enquire about a group booking for 5 to 10 people in Washington with budget of $1200 maximum for 6 months. The desired move in data is April 12th, 2023. The name of people who book this room is James Smith. The email address is buckeye.foobar@gmail.com."
mind2web-web-1994,m2w_domain,Mind2Web,test,allrecipes,web,Search for a recipe that uses the ingredient cinnamon
mind2web-web-1995,m2w_domain,Mind2Web,test,allrecipes,web,Find an Easter Brunch recipe with over 500 ratings.
mind2web-web-1996,m2w_domain,Mind2Web,test,allrecipes,web,Open the latest food trends article.
mind2web-web-1997,m2w_domain,Mind2Web,test,allrecipes,web,Find a list of air fryer recipes and share it on Pinterest.
mind2web-web-1998,m2w_domain,Mind2Web,test,allrecipes,web,Find 30-minute main dishes containing seafood.
mind2web-web-1999,m2w_domain,Mind2Web,test,allrecipes,web,Show me a list kitchen tips for food safety.
mind2web-web-2000,m2w_domain,Mind2Web,test,allrecipes,web,Search for a dessert recipe that uses pumpkin as the main ingredient and has a high rating from other users.
