id,benchmark_id,benchmark,split,app,platform_type,task
aitw-mobile-0001,aitw_standard_subset,AITW,test,"com.android.chrome, com.google.android.googlequicksearchbox",mobile,What's the news in Chile?
aitw-mobile-0002,aitw_standard_subset,AITW,test,"com.ebay.mobile, com.android.chrome",mobile,How much does the new iPad cost on eBay?
aitw-mobile-0003,aitw_standard_subset,AITW,test,"com.android.chrome, com.google.android.googlequicksearchbox",mobile,Search for flights from Sydney to Helsinki
aitw-mobile-0004,aitw_standard_subset,AITW,test,"com.android.chrome, com.google.android.googlequicksearchbox",mobile,Search for flights from Tokyo to NYC
aitw-mobile-0005,aitw_standard_subset,AITW,test,"com.android.chrome, com.google.android.googlequicksearchbox",mobile,What's the price of the 1000-Watt EGO Power+ Snow Blower?
aitw-mobile-0006,aitw_standard_subset,AITW,test,"com.android.chrome, com.google.android.googlequicksearchbox",mobile,Search for hotels in Orlando
aitw-mobile-0007,aitw_standard_subset,AITW,test,"com.android.chrome, com.google.android.googlequicksearchbox",mobile,What's the news in Uruguay?
aitw-mobile-0008,aitw_standard_subset,AITW,test,"com.android.chrome, com.google.android.googlequicksearchbox",mobile,What's the news in Vietnam?
aitw-mobile-0009,aitw_standard_subset,AITW,test,"com.android.chrome, com.google.android.googlequicksearchbox",mobile,What is the capital of Japan?
aitw-mobile-0010,aitw_standard_subset,AITW,test,"com.android.chrome, com.google.android.googlequicksearchbox",mobile,What's the news in South Korea?
aitw-mobile-0011,aitw_standard_subset,AITW,test,"com.android.settings, com.spotify.music",mobile,Check the settings for the Spotify app
aitw-mobile-0012,aitw_standard_subset,AITW,test,"com.android.chrome, com.google.android.googlequicksearchbox",mobile,Search for a new hair product
aitw-mobile-0013,aitw_standard_subset,AITW,test,"com.android.chrome, com.google.android.googlequicksearchbox",mobile,What's on the menu at Five Guys?
aitw-mobile-0014,aitw_standard_subset,AITW,test,com.google.android.deskclock,mobile,What time is it in London?
aitw-mobile-0015,aitw_standard_subset,AITW,test,"com.android.chrome, com.google.android.googlequicksearchbox",mobile,What is the speed of a train?
aitw-mobile-0016,aitw_standard_subset,AITW,test,"com.android.chrome, com.google.android.googlequicksearchbox",mobile,What's the news in Indonesia?
aitw-mobile-0017,aitw_standard_subset,AITW,test,"com.android.chrome, com.google.android.googlequicksearchbox",mobile,What's the weather like in Johannesburg?
aitw-mobile-0018,aitw_standard_subset,AITW,test,"com.android.chrome, com.google.android.googlequicksearchbox",mobile,What is the capital of Spain?
aitw-mobile-0019,aitw_standard_subset,AITW,test,"com.android.chrome, com.google.android.googlequicksearchbox",mobile,What's the news in Argentina?
aitw-mobile-0020,aitw_standard_subset,AITW,test,"com.android.chrome, com.google.android.googlequicksearchbox",mobile,What's the news in Malaysia?
aitw-mobile-0021,aitw_standard_subset,AITW,test,"com.sephora, com.android.chrome",mobile,Search for a new lipstick on Sephora
aitw-mobile-0022,aitw_standard_subset,AITW,test,"com.android.chrome, com.google.android.googlequicksearchbox",mobile,What's the weather like in Seoul?
aitw-mobile-0023,aitw_standard_subset,AITW,test,"com.android.chrome, com.google.android.googlequicksearchbox",mobile,How much does a 2 bedroom apartment rent for in New York?
aitw-mobile-0024,aitw_standard_subset,AITW,test,"com.android.chrome, com.google.android.googlequicksearchbox",mobile,Search for hotels in Seattle
aitw-mobile-0025,aitw_standard_subset,AITW,test,"com.android.chrome, com.google.android.googlequicksearchbox",mobile,What's the price of the Sony TV?
aitw-mobile-0026,aitw_standard_subset,AITW,test,com.android.chrome,mobile,Open a new Chrome private tab
aitw-mobile-0027,aitw_standard_subset,AITW,test,"com.android.chrome, com.google.android.googlequicksearchbox",mobile,Google the capital of Canada
aitw-mobile-0028,aitw_standard_subset,AITW,test,com.google.android.calculator,mobile,Open the calculator app
aitw-mobile-0029,aitw_standard_subset,AITW,test,"com.android.chrome, com.google.android.googlequicksearchbox",mobile,What is the speed of a jet?
aitw-mobile-0030,aitw_standard_subset,AITW,test,"com.android.chrome, com.google.android.googlequicksearchbox",mobile,What is the capital of China?
aitw-mobile-0031,aitw_standard_subset,AITW,test,"com.android.chrome, com.google.android.googlequicksearchbox",mobile,What's the news this evening?
aitw-mobile-0032,aitw_standard_subset,AITW,test,"com.android.chrome, com.google.android.googlequicksearchbox",mobile,How much does a 3 bedroom apartment rent for in Philadelphia?
aitw-mobile-0033,aitw_standard_subset,AITW,test,"com.android.chrome, com.google.android.googlequicksearchbox",mobile,Google the capital of Uruguay
aitw-mobile-0034,aitw_standard_subset,AITW,test,com.google.android.calendar,mobile,What's on my calendar for the rest of the week?
aitw-mobile-0035,aitw_standard_subset,AITW,test,"com.android.chrome, com.google.android.googlequicksearchbox",mobile,Search for hotels in Boston
aitw-mobile-0036,aitw_standard_subset,AITW,test,"com.android.chrome, com.google.android.googlequicksearchbox",mobile,What's the weather like in Singapore?
aitw-mobile-0037,aitw_standard_subset,AITW,test,"com.android.chrome, com.google.android.googlequicksearchbox",mobile,What's the news about the US?
aitw-mobile-0038,aitw_standard_subset,AITW,test,"com.android.chrome, com.google.android.googlequicksearchbox",mobile,Search for a new foundation (skincare) product
aitw-mobile-0039,aitw_standard_subset,AITW,test,"com.android.chrome, com.google.android.googlequicksearchbox",mobile,What is the speed of a bicycle?
aitw-mobile-0040,aitw_standard_subset,AITW,test,"com.android.chrome, com.google.android.googlequicksearchbox",mobile,What's on the menu at Denny's?
aitw-mobile-0041,aitw_standard_subset,AITW,test,"com.android.chrome, com.google.android.googlequicksearchbox",mobile,What's the speed of light?
aitw-mobile-0042,aitw_standard_subset,AITW,test,"com.android.vending, com.pandora.android",mobile,Install the Pandora app
aitw-mobile-0043,aitw_standard_subset,AITW,test,"com.android.chrome, com.google.android.googlequicksearchbox",mobile,What's on the menu at Cheesecake Factory?
aitw-mobile-0044,aitw_standard_subset,AITW,test,"com.android.settings, com.google.android.videos",mobile,Check the settings for the Google Play Movies app
aitw-mobile-0045,aitw_standard_subset,AITW,test,"com.android.chrome, com.google.android.googlequicksearchbox",mobile,What's the price of the new iPhone
aitw-mobile-0046,aitw_standard_subset,AITW,test,"com.android.chrome, com.google.android.googlequicksearchbox",mobile,Google the capital of Panama
aitw-mobile-0047,aitw_standard_subset,AITW,test,"com.android.chrome, com.google.android.googlequicksearchbox",mobile,Who is the prime minister of the United Kingdom?
aitw-mobile-0048,aitw_standard_subset,AITW,test,com.android.chrome,mobile,Open a new Chrome tab
aitw-mobile-0049,aitw_standard_subset,AITW,test,"com.google.android.youtube, com.android.chrome",mobile,Play the latest video from the Wall Street Journal
aitw-mobile-0050,aitw_standard_subset,AITW,test,"com.sephora, com.android.chrome",mobile,Search for a new mascara on Sephora
aitw-mobile-0051,aitw_standard_subset,AITW,test,"com.android.chrome, com.google.android.googlequicksearchbox",mobile,What's the news in Japan?
aitw-mobile-0052,aitw_standard_subset,AITW,test,"com.android.chrome, com.google.android.googlequicksearchbox",mobile,What's a good restaurant in Denver?
aitw-mobile-0053,aitw_standard_subset,AITW,test,"com.android.chrome, com.google.android.googlequicksearchbox",mobile,What's the news about the US economy?
aitw-mobile-0054,aitw_standard_subset,AITW,test,com.google.android.deskclock,mobile,Set an alarm for 3pm
aitw-mobile-0055,aitw_standard_subset,AITW,test,"com.android.chrome, com.google.android.googlequicksearchbox",mobile,What's the price of the Samsung TV?
aitw-mobile-0056,aitw_standard_subset,AITW,test,"com.android.chrome, com.google.android.googlequicksearchbox",mobile,Google the capital of Chile
aitw-mobile-0057,aitw_standard_subset,AITW,test,com.google.android.deskclock,mobile,What time is it?
aitw-mobile-0058,aitw_standard_subset,AITW,test,"com.android.chrome, com.google.android.googlequicksearchbox",mobile,What's US dollar exchange rate against the Chinese Yuan?
aitw-mobile-0059,aitw_standard_subset,AITW,test,"com.android.chrome, com.google.android.googlequicksearchbox",mobile,What is the speed of a skateboard?
aitw-mobile-0060,aitw_standard_subset,AITW,test,"com.google.android.apps.maps, com.android.chrome",mobile,Search for the best burger restaurants on Maps
aitw-mobile-0061,aitw_standard_subset,AITW,test,"com.android.vending, com.ubercab",mobile,Install the Uber app
aitw-mobile-0062,aitw_standard_subset,AITW,test,"com.google.android.apps.maps, com.android.chrome",mobile,Find the nearest electronics store that's open today
aitw-mobile-0063,aitw_standard_subset,AITW,test,"com.android.chrome, com.google.android.googlequicksearchbox",mobile,What's the news this week?
aitw-mobile-0064,aitw_standard_subset,AITW,test,"com.google.android.youtube, com.android.chrome",mobile,What's the latest video from GameSpot Trailers?
aitw-mobile-0065,aitw_standard_subset,AITW,test,"com.android.chrome, com.google.android.googlequicksearchbox",mobile,Where can I buy a nice beach tent?
aitw-mobile-0066,aitw_standard_subset,AITW,test,"com.ebay.mobile, com.android.chrome",mobile,What's the price of the new iPhone on eBay?
aitw-mobile-0067,aitw_standard_subset,AITW,test,"com.android.chrome, com.google.android.googlequicksearchbox",mobile,Search for flights from Buenos aires to Tokyo
aitw-mobile-0068,aitw_standard_subset,AITW,test,"com.android.settings, com.twitter.android",mobile,Check the settings for the Twitter app
aitw-mobile-0069,aitw_standard_subset,AITW,test,"com.android.settings, com.amazon.avod.thirdpartyclient",mobile,Check the settings for the Amazon Prime Video app
aitw-mobile-0070,aitw_standard_subset,AITW,test,"com.android.chrome, com.google.android.googlequicksearchbox",mobile,Search for a new highlighter
aitw-mobile-0071,aitw_standard_subset,AITW,test,"com.android.chrome, com.google.android.googlequicksearchbox",mobile,Google the capital of Mexico
aitw-mobile-0072,aitw_standard_subset,AITW,test,"com.android.chrome, com.google.android.googlequicksearchbox",mobile,How much does a 3 bedroom apartment rent for in Miami?
aitw-mobile-0073,aitw_standard_subset,AITW,test,"com.android.vending, com.google.android.calendar",mobile,Install the Calendar app
aitw-mobile-0074,aitw_standard_subset,AITW,test,"com.android.chrome, com.google.android.googlequicksearchbox",mobile,Search for hotels in San Francisco
aitw-mobile-0075,aitw_standard_subset,AITW,test,"com.google.android.youtube, com.android.chrome",mobile,What's the latest video from GameSpot News?
aitw-mobile-0076,aitw_standard_subset,AITW,test,"com.google.android.apps.maps, com.android.chrome",mobile,Find the nearest electronics store that's open
aitw-mobile-0077,aitw_standard_subset,AITW,test,"com.android.chrome, com.google.android.googlequicksearchbox",mobile,What is the speed of sound?
aitw-mobile-0078,aitw_standard_subset,AITW,test,"com.android.chrome, com.google.android.googlequicksearchbox",mobile,How much does a 2 bedroom apartment rent for in Portland?
aitw-mobile-0079,aitw_standard_subset,AITW,test,"com.google.android.youtube, com.android.chrome",mobile,Play the new Drake video on YouTube
aitw-mobile-0080,aitw_standard_subset,AITW,test,"com.android.chrome, com.google.android.googlequicksearchbox",mobile,Search for flights from NYC to Tokyo
aitw-mobile-0081,aitw_standard_subset,AITW,test,"com.android.chrome, com.google.android.googlequicksearchbox",mobile,What's the weather like in San Francisco?
aitw-mobile-0082,aitw_standard_subset,AITW,test,"com.android.chrome, com.google.android.googlequicksearchbox",mobile,Search for hotels in Miami
aitw-mobile-0083,aitw_standard_subset,AITW,test,"com.android.chrome, com.google.android.googlequicksearchbox",mobile,Show me some nice wallpapers for my tablet
aitw-mobile-0084,aitw_standard_subset,AITW,test,"com.android.chrome, com.google.android.googlequicksearchbox",mobile,What's a good restaurant in Houston?
aitw-mobile-0085,aitw_standard_subset,AITW,test,"com.google.android.apps.maps, com.android.chrome",mobile,Search for the best pizza restaurants on Maps
aitw-mobile-0086,aitw_standard_subset,AITW,test,"com.google.android.apps.maps, com.android.chrome",mobile,Search for good Italian restaurants on Maps
aitw-mobile-0087,aitw_standard_subset,AITW,test,"com.android.chrome, com.google.android.googlequicksearchbox",mobile,Google the capital of Peru
aitw-mobile-0088,aitw_standard_subset,AITW,test,"com.android.chrome, com.google.android.googlequicksearchbox",mobile,How much does a 3 bedroom apartment rent for in New York?
aitw-mobile-0089,aitw_standard_subset,AITW,test,"com.android.chrome, com.google.android.googlequicksearchbox",mobile,Search for hotels in Philadelphia
aitw-mobile-0090,aitw_standard_subset,AITW,test,"com.android.chrome, com.google.android.googlequicksearchbox",mobile,What's the news about the US dollar?
aitw-mobile-0091,aitw_standard_subset,AITW,test,"com.android.chrome, com.google.android.googlequicksearchbox",mobile,How much does the HisenseTV cost?
aitw-mobile-0092,aitw_standard_subset,AITW,test,"com.android.chrome, com.google.android.googlequicksearchbox",mobile,What's the weather like in Sydney?
aitw-mobile-0093,aitw_standard_subset,AITW,test,"com.android.chrome, com.google.android.googlequicksearchbox",mobile,What's a good restaurant in Seattle?
aitw-mobile-0094,aitw_standard_subset,AITW,test,"com.reddit.frontpage, com.android.chrome",mobile,What's on Reddit this week
aitw-mobile-0095,aitw_standard_subset,AITW,test,"com.android.chrome, com.google.android.googlequicksearchbox",mobile,How old is the earth?
aitw-mobile-0096,aitw_standard_subset,AITW,test,"com.google.android.apps.maps, com.android.chrome",mobile,How do I get to the nearest Verizon Store?
aitw-mobile-0097,aitw_standard_subset,AITW,test,"com.google.android.youtube, com.android.chrome",mobile,Play the latest video from the Washington Post
aitw-mobile-0098,aitw_standard_subset,AITW,test,"com.android.chrome, com.google.android.googlequicksearchbox",mobile,How much does the TCL TV cost?
aitw-mobile-0099,aitw_standard_subset,AITW,test,com.android.chrome,mobile,Open a new Chrome private window
aitw-mobile-0100,aitw_standard_subset,AITW,test,"com.android.vending, org.wikipedia",mobile,Install the Wikipedia app
aitw-mobile-0101,aitw_standard_subset,AITW,test,"com.android.chrome, com.google.android.googlequicksearchbox",mobile,What's the price of the 2x4x8 boards at Home Depot?
aitw-mobile-0102,aitw_standard_subset,AITW,test,"com.android.vending, com.google.android.apps.magazines",mobile,Install the News app
aitw-mobile-0103,aitw_standard_subset,AITW,test,com.android.vending,mobile,Open the Google play store app
aitw-mobile-0104,aitw_standard_subset,AITW,test,"com.android.chrome, com.google.android.googlequicksearchbox",mobile,What's the weather like in Tokyo?
aitw-mobile-0105,aitw_standard_subset,AITW,test,"com.android.chrome, com.google.android.googlequicksearchbox",mobile,How much does a 2 bedroom apartment rent for in Atlanta?
aitw-mobile-0106,aitw_standard_subset,AITW,test,"com.android.chrome, com.google.android.googlequicksearchbox",mobile,What is the capital of Italy?
aitw-mobile-0107,aitw_standard_subset,AITW,test,com.android.chrome,mobile,Open a new Chrome incognito window
aitw-mobile-0108,aitw_standard_subset,AITW,test,com.google.android.calculator,mobile,Open the calculator
aitw-mobile-0109,aitw_standard_subset,AITW,test,"com.android.chrome, com.google.android.googlequicksearchbox",mobile,What's the news in Laos?
aitw-mobile-0110,aitw_standard_subset,AITW,test,"com.android.chrome, com.google.android.googlequicksearchbox",mobile,What's a good restaurant in Atlanta?
aitw-mobile-0111,aitw_standard_subset,AITW,test,"com.reddit.frontpage, com.android.chrome",mobile,Go to Reddit
aitw-mobile-0112,aitw_standard_subset,AITW,test,"com.google.android.youtube, com.android.chrome",mobile,Play some music on YouTube
aitw-mobile-0113,aitw_standard_subset,AITW,test,"com.android.chrome, com.google.android.googlequicksearchbox",mobile,What's a good restaurant in San Francisco?
aitw-mobile-0114,aitw_standard_subset,AITW,test,"com.android.settings, com.google.android.apps.maps",mobile,Check the settings for the Google Maps app
aitw-mobile-0115,aitw_standard_subset,AITW,test,com.google.android.deskclock,mobile,What time is it in Sydney?
aitw-mobile-0116,aitw_standard_subset,AITW,test,"com.android.chrome, com.google.android.googlequicksearchbox",mobile,Search for flights from Barcelona to Boston
aitw-mobile-0117,aitw_standard_subset,AITW,test,"com.google.android.apps.maps, com.android.chrome",mobile,How do I get to the nearest Home Depot?
aitw-mobile-0118,aitw_standard_subset,AITW,test,"com.google.android.apps.maps, com.android.chrome",mobile,How do I get to the nearest IKEA?
aitw-mobile-0119,aitw_standard_subset,AITW,test,"com.google.android.youtube, com.android.chrome",mobile,Play the latest video from the BBC
aitw-mobile-0120,aitw_standard_subset,AITW,test,"com.android.chrome, com.google.android.googlequicksearchbox",mobile,What's the news in Singapore?
aitw-mobile-0121,aitw_standard_subset,AITW,test,com.google.android.deskclock,mobile,What time is it in Berlin?
aitw-mobile-0122,aitw_standard_subset,AITW,test,com.google.android.contacts,mobile,Open the contacts
aitw-mobile-0123,aitw_standard_subset,AITW,test,com.google.android.deskclock,mobile,Open the clock
aitw-mobile-0124,aitw_standard_subset,AITW,test,"com.ebay.mobile, com.android.chrome",mobile,What's the price of the Galaxy phone on eBay?
aitw-mobile-0125,aitw_standard_subset,AITW,test,"com.android.settings, com.amazon.mShop.android.shopping",mobile,Check the settings for the Amazon Shopping app
aitw-mobile-0126,aitw_standard_subset,AITW,test,"com.android.chrome, com.google.android.googlequicksearchbox",mobile,Where can I buy a nice beach towel?
aitw-mobile-0127,aitw_standard_subset,AITW,test,"com.android.chrome, com.google.android.googlequicksearchbox",mobile,Search for hotels in Washington DC
aitw-mobile-0128,aitw_standard_subset,AITW,test,com.google.android.documentsui,mobile,Open the downloads
aitw-mobile-0129,aitw_standard_subset,AITW,test,"com.android.chrome, com.google.android.googlequicksearchbox",mobile,Show me some nice wallpapers for my computer
aitw-mobile-0130,aitw_standard_subset,AITW,test,"com.android.chrome, com.google.android.googlequicksearchbox",mobile,How big is the universe?
aitw-mobile-0131,aitw_standard_subset,AITW,test,"com.android.chrome, com.google.android.googlequicksearchbox",mobile,Search for a new blush
aitw-mobile-0132,aitw_standard_subset,AITW,test,"com.android.chrome, com.google.android.googlequicksearchbox",mobile,Search for hotels in Zurich
aitw-mobile-0133,aitw_standard_subset,AITW,test,"com.android.chrome, com.google.android.googlequicksearchbox",mobile,How much does a 2 bedroom apartment rent for in Seattle?
aitw-mobile-0134,aitw_standard_subset,AITW,test,"com.android.chrome, com.google.android.googlequicksearchbox",mobile,Show me some nice wallpapers for my desktop
aitw-mobile-0135,aitw_standard_subset,AITW,test,"com.google.android.youtube, com.android.chrome",mobile,Play the new Bruno Mars video on YouTube
aitw-mobile-0136,aitw_standard_subset,AITW,test,"com.android.chrome, com.google.android.googlequicksearchbox",mobile,Google the capital of Brazil
aitw-mobile-0137,aitw_standard_subset,AITW,test,"com.reddit.frontpage, com.android.chrome",mobile,What's the top post on reddit right now?
aitw-mobile-0138,aitw_standard_subset,AITW,test,"com.google.android.apps.maps, com.android.chrome",mobile,Find the nearest grocery store
aitw-mobile-0139,aitw_standard_subset,AITW,test,"com.android.chrome, com.google.android.googlequicksearchbox",mobile,What's the price of the Vizio TV?
aitw-mobile-0140,aitw_standard_subset,AITW,test,"com.android.chrome, com.google.android.googlequicksearchbox",mobile,Search for good Japanese restaurants
aitw-mobile-0141,aitw_standard_subset,AITW,test,"com.android.chrome, com.google.android.googlequicksearchbox",mobile,What is the speed of light?
aitw-mobile-0142,aitw_standard_subset,AITW,test,"com.reddit.frontpage, com.android.chrome",mobile,What's the top post on reddit?
aitw-mobile-0143,aitw_standard_subset,AITW,test,"com.android.chrome, com.google.android.googlequicksearchbox",mobile,Search for a new nail polish
aitw-mobile-0144,aitw_standard_subset,AITW,test,"com.google.android.apps.maps, com.android.chrome",mobile,How do I get to the nearest Sprint Store?
aitw-mobile-0145,aitw_standard_subset,AITW,test,"com.android.chrome, com.google.android.googlequicksearchbox",mobile,Search for flights from Buenos aires to Helsinki
aitw-mobile-0146,aitw_standard_subset,AITW,test,"com.android.settings, me.lyft.android",mobile,Check the settings for the Lyft app
aitw-mobile-0147,aitw_standard_subset,AITW,test,com.google.android.deskclock,mobile,What time is it in New York?
aitw-mobile-0148,aitw_standard_subset,AITW,test,"com.google.android.youtube, com.android.chrome",mobile,Play the new Ariana Grande video on YouTube
aitw-mobile-0149,aitw_standard_subset,AITW,test,"com.android.vending, com.starbucks.mobilecard",mobile,Install the Starbucks app
aitw-mobile-0150,aitw_standard_subset,AITW,test,"com.android.chrome, com.google.android.googlequicksearchbox",mobile,Show me some nice wallpapers for my phone
aitw-mobile-0151,aitw_standard_subset,AITW,test,"com.android.chrome, com.google.android.googlequicksearchbox",mobile,Search for a new bronzer
aitw-mobile-0152,aitw_standard_subset,AITW,test,"com.android.chrome, com.google.android.googlequicksearchbox",mobile,What's the news in Thailand?
aitw-mobile-0153,aitw_standard_subset,AITW,test,"com.android.chrome, com.google.android.googlequicksearchbox",mobile,What's on the menu at Olive Garden?
aitw-mobile-0154,aitw_standard_subset,AITW,test,"com.android.chrome, com.google.android.googlequicksearchbox",mobile,What is the capital of Sweden?
aitw-mobile-0155,aitw_standard_subset,AITW,test,"com.android.settings, com.google.android.apps.photos",mobile,Check the settings for the Google Photos app
aitw-mobile-0156,aitw_standard_subset,AITW,test,"com.android.chrome, com.google.android.googlequicksearchbox",mobile,How big is the moon?
aitw-mobile-0157,aitw_standard_subset,AITW,test,"com.android.settings, com.amazon.dee.app",mobile,Check the settings for the Amazon Alexa app
aitw-mobile-0158,aitw_standard_subset,AITW,test,"com.android.chrome, com.google.android.googlequicksearchbox",mobile,How much does the LG TV cost?
aitw-mobile-0159,aitw_standard_subset,AITW,test,"com.android.chrome, com.google.android.googlequicksearchbox",mobile,Search for flights from Mexico city to Boston
aitw-mobile-0160,aitw_standard_subset,AITW,test,"com.android.chrome, com.google.android.googlequicksearchbox",mobile,What's the latest news in cosmology?
aitw-mobile-0161,aitw_standard_subset,AITW,test,"com.android.chrome, com.google.android.googlequicksearchbox",mobile,How much does a3 bedroom apartment rent for in Portland?
aitw-mobile-0162,aitw_standard_subset,AITW,test,"com.android.chrome, com.google.android.googlequicksearchbox",mobile,What's on the menu at Domino's?
aitw-mobile-0163,aitw_standard_subset,AITW,test,"com.android.chrome, com.google.android.googlequicksearchbox",mobile,How much does a 2 bedroom apartment rent for in Philadelphia?
aitw-mobile-0164,aitw_standard_subset,AITW,test,"com.android.chrome, com.google.android.googlequicksearchbox",mobile,What's the news in Guyana?
aitw-mobile-0165,aitw_standard_subset,AITW,test,"com.android.chrome, com.google.android.googlequicksearchbox",mobile,Where can I buy a nice beach sandals?
aitw-mobile-0166,aitw_standard_subset,AITW,test,"com.google.android.youtube, com.android.chrome",mobile,Play the new Katy Perry video on YouTube
aitw-mobile-0167,aitw_standard_subset,AITW,test,"com.android.chrome, com.google.android.googlequicksearchbox",mobile,What's the news in the Bahamas?
aitw-mobile-0168,aitw_standard_subset,AITW,test,"com.android.chrome, com.google.android.googlequicksearchbox",mobile,What is the speed of a tiger?
aitw-mobile-0169,aitw_standard_subset,AITW,test,"com.android.settings, com.netflix.mediaclient",mobile,Check the settings for the Netflix app
aitw-mobile-0170,aitw_standard_subset,AITW,test,"com.android.chrome, com.google.android.googlequicksearchbox",mobile,What's the weather like in Chicago?
aitw-mobile-0171,aitw_standard_subset,AITW,test,"com.google.android.apps.maps, com.android.chrome",mobile,How do I get to the nearest Lowe's?
aitw-mobile-0172,aitw_standard_subset,AITW,test,com.google.android.calendar,mobile,Open the calendar and show me this week's events?
aitw-mobile-0173,aitw_standard_subset,AITW,test,com.google.android.gm,mobile,Check my gmail
aitw-mobile-0174,aitw_standard_subset,AITW,test,"com.android.chrome, com.google.android.googlequicksearchbox",mobile,What's on the menu at Taco Bell?
aitw-mobile-0175,aitw_standard_subset,AITW,test,"com.android.vending, com.reddit.frontpage",mobile,Install the Reddit app
aitw-mobile-0176,aitw_standard_subset,AITW,test,"com.google.android.apps.maps, com.android.chrome",mobile,How do I get to the nearest Nordstrom?
aitw-mobile-0177,aitw_standard_subset,AITW,test,"com.android.chrome, com.google.android.googlequicksearchbox",mobile,What is the speed of a rocket?
aitw-mobile-0178,aitw_standard_subset,AITW,test,"com.android.chrome, com.google.android.googlequicksearchbox",mobile,What's the news about the US dollar exchange rate?
aitw-mobile-0179,aitw_standard_subset,AITW,test,"com.android.chrome, com.google.android.googlequicksearchbox",mobile,How much does a 2 bedroom apartment rent for in Chicago?
aitw-mobile-0180,aitw_standard_subset,AITW,test,"com.android.chrome, com.google.android.googlequicksearchbox",mobile,What's the news in Pakistan?
aitw-mobile-0181,aitw_standard_subset,AITW,test,"com.google.android.apps.maps, com.android.chrome",mobile,Find a good burger place on Maps
aitw-mobile-0182,aitw_standard_subset,AITW,test,"com.android.chrome, com.google.android.googlequicksearchbox",mobile,What's the news in Bangladesh?
aitw-mobile-0183,aitw_standard_subset,AITW,test,"com.google.android.youtube, com.android.chrome",mobile,What's the latest video from GameSpot Reviews?
aitw-mobile-0184,aitw_standard_subset,AITW,test,"com.android.chrome, com.google.android.googlequicksearchbox",mobile,What's the news this afternoon?
aitw-mobile-0185,aitw_standard_subset,AITW,test,"com.android.chrome, com.google.android.googlequicksearchbox",mobile,What is the capital of Brazil?
aitw-mobile-0186,aitw_standard_subset,AITW,test,"com.android.chrome, com.google.android.googlequicksearchbox",mobile,What's on the menu at Panera?
aitw-mobile-0187,aitw_standard_subset,AITW,test,"com.android.chrome, com.google.android.googlequicksearchbox",mobile,How much does a 3 bedroom apartment rent for in Austin?
aitw-mobile-0188,aitw_standard_subset,AITW,test,"com.android.chrome, com.google.android.googlequicksearchbox",mobile,What does the iPhone 8 look like?
aitw-mobile-0189,aitw_standard_subset,AITW,test,"com.android.chrome, com.google.android.googlequicksearchbox",mobile,Search for flights from London to Paris
aitw-mobile-0190,aitw_standard_subset,AITW,test,"com.android.chrome, com.google.android.googlequicksearchbox",mobile,What's the news in the Dominican Republic?
aitw-mobile-0191,aitw_standard_subset,AITW,test,"com.android.chrome, com.google.android.googlequicksearchbox",mobile,What's the news in Nepal?
aitw-mobile-0192,aitw_standard_subset,AITW,test,"com.android.chrome, com.google.android.googlequicksearchbox",mobile,What's the weather like inToronto?
aitw-mobile-0193,aitw_standard_subset,AITW,test,com.android.chrome,mobile,Open a new tab in the chrome app
aitw-mobile-0194,aitw_standard_subset,AITW,test,com.google.android.deskclock,mobile,What time is it in Beijing?
aitw-mobile-0195,aitw_standard_subset,AITW,test,"com.android.chrome, com.google.android.googlequicksearchbox",mobile,What's a good restaurant in Chicago?
aitw-mobile-0196,aitw_standard_subset,AITW,test,com.google.android.deskclock,mobile,Set an alarm for 1pm
aitw-mobile-0197,aitw_standard_subset,AITW,test,"com.android.chrome, com.google.android.googlequicksearchbox",mobile,What's a good restaurant in Portland?
aitw-mobile-0198,aitw_standard_subset,AITW,test,"com.android.chrome, com.google.android.googlequicksearchbox",mobile,What's a good restaurant near me?
aitw-mobile-0199,aitw_standard_subset,AITW,test,"com.android.vending, com.yahoo.mobile.client.android.yahoo",mobile,Install the Yahoo app
aitw-mobile-0200,aitw_standard_subset,AITW,test,"com.google.android.apps.maps, com.android.chrome",mobile,Find the nearest electronics store that's open tomorrow
aitw-mobile-0201,aitw_standard_subset,AITW,test,"com.android.chrome, com.google.android.googlequicksearchbox",mobile,Search for flights from NYC to Buenos aires
aitw-mobile-0202,aitw_standard_subset,AITW,test,"com.android.chrome, com.google.android.googlequicksearchbox",mobile,What's the weather like in Rio de Janeiro?
aitw-mobile-0203,aitw_standard_subset,AITW,test,"com.android.vending, com.cnn.mobile.android.phone",mobile,Install the CNN app
aitw-mobile-0204,aitw_standard_subset,AITW,test,com.google.android.deskclock,mobile,What time is it in San Francisco?
aitw-mobile-0205,aitw_standard_subset,AITW,test,com.google.android.deskclock,mobile,What's the time in New York?
aitw-mobile-0206,aitw_standard_subset,AITW,test,"com.android.chrome, com.google.android.googlequicksearchbox",mobile,Search for a new skincare product
aitw-mobile-0207,aitw_standard_subset,AITW,test,"com.android.chrome, com.google.android.googlequicksearchbox",mobile,What is the capital of France?
aitw-mobile-0208,aitw_standard_subset,AITW,test,"com.android.chrome, com.google.android.googlequicksearchbox",mobile,What's a good restaurant in San Jose?
aitw-mobile-0209,aitw_standard_subset,AITW,test,"com.google.android.apps.maps, com.android.chrome",mobile,Find coffee shops on Maps
aitw-mobile-0210,aitw_standard_subset,AITW,test,"com.android.chrome, com.google.android.googlequicksearchbox",mobile,How much does a 2x4x8 board cost at Lowes?
aitw-mobile-0211,aitw_standard_subset,AITW,test,"com.android.chrome, com.google.android.googlequicksearchbox",mobile,Search for flights from NYC to Sydney
aitw-mobile-0212,aitw_standard_subset,AITW,test,"com.android.chrome, com.google.android.googlequicksearchbox",mobile,What's the news in Brunei?
aitw-mobile-0213,aitw_standard_subset,AITW,test,"com.android.chrome, com.google.android.googlequicksearchbox",mobile,How big is a dinosaur?
aitw-mobile-0214,aitw_standard_subset,AITW,test,com.google.android.deskclock,mobile,Set an alarm for 11am
aitw-mobile-0215,aitw_standard_subset,AITW,test,"com.android.chrome, com.google.android.googlequicksearchbox",mobile,Search for hotels in London
aitw-mobile-0216,aitw_standard_subset,AITW,test,"com.android.chrome, com.google.android.googlequicksearchbox",mobile,What's the price of the LG TV?
aitw-mobile-0217,aitw_standard_subset,AITW,test,"com.android.chrome, com.google.android.googlequicksearchbox",mobile,Search for flights from NYC to Paris
aitw-mobile-0218,aitw_standard_subset,AITW,test,"com.google.android.youtube, com.android.chrome",mobile,What's the latest video from GameTrailers?
aitw-mobile-0219,aitw_standard_subset,AITW,test,"com.android.chrome, com.google.android.googlequicksearchbox",mobile,Search for flights from San Francisco to Tokyo
aitw-mobile-0220,aitw_standard_subset,AITW,test,"com.android.chrome, com.google.android.googlequicksearchbox",mobile,What's on the menu at In-N-Out?
aitw-mobile-0221,aitw_standard_subset,AITW,test,"com.android.chrome, com.google.android.googlequicksearchbox",mobile,Search for flights from Zurich to Buenos aires
aitw-mobile-0222,aitw_standard_subset,AITW,test,"com.android.chrome, com.google.android.googlequicksearchbox",mobile,Searchfor good French restaurants
aitw-mobile-0223,aitw_standard_subset,AITW,test,"com.android.chrome, com.google.android.googlequicksearchbox",mobile,What is the capital of India?
aitw-mobile-0224,aitw_standard_subset,AITW,test,"com.google.android.youtube, com.android.chrome",mobile,Play the latest video from the New York Times
aitw-mobile-0225,aitw_standard_subset,AITW,test,"com.android.chrome, com.google.android.googlequicksearchbox",mobile,How big is the sun?
aitw-mobile-0226,aitw_standard_subset,AITW,test,"com.android.chrome, com.google.android.googlequicksearchbox",mobile,Search for hotels in Austin
aitw-mobile-0227,aitw_standard_subset,AITW,test,"com.android.chrome, com.google.android.googlequicksearchbox",mobile,Search for flights from NYC to San Diego
aitw-mobile-0228,aitw_standard_subset,AITW,test,"com.android.chrome, com.google.android.googlequicksearchbox",mobile,What is the capital of Canada?
aitw-mobile-0229,aitw_standard_subset,AITW,test,"com.android.chrome, com.google.android.googlequicksearchbox",mobile,How much does a 3 bedroom apartment rent for in Dallas?
aitw-mobile-0230,aitw_standard_subset,AITW,test,"com.android.chrome, com.google.android.googlequicksearchbox",mobile,Search for hotels in Buenos aires
aitw-mobile-0231,aitw_standard_subset,AITW,test,"com.android.chrome, com.google.android.googlequicksearchbox",mobile,How much does a 2 bedroom apartment rent for in Boston?
aitw-mobile-0232,aitw_standard_subset,AITW,test,com.google.android.deskclock,mobile,What time is it in Tokyo?
aitw-mobile-0233,aitw_standard_subset,AITW,test,com.google.android.deskclock,mobile,Set an alarmfor 5pm
aitw-mobile-0234,aitw_standard_subset,AITW,test,"com.android.chrome, com.google.android.googlequicksearchbox",mobile,Search for a new eyeshadow
aitw-mobile-0235,aitw_standard_subset,AITW,test,"com.android.chrome, com.google.android.googlequicksearchbox",mobile,What's a goodrestaurant in Austin?
aitw-mobile-0236,aitw_standard_subset,AITW,test,"com.android.chrome, com.google.android.googlequicksearchbox",mobile,What's the weather like in London?
aitw-mobile-0237,aitw_standard_subset,AITW,test,com.android.chrome,mobile,Open a new tab in Chrome
aitw-mobile-0238,aitw_standard_subset,AITW,test,"com.android.chrome, com.google.android.googlequicksearchbox",mobile,What are the best selling refrigerators at Home Depot?
aitw-mobile-0239,aitw_standard_subset,AITW,test,"com.android.settings, com.amazon.mp3",mobile,Check the settings for the Amazon Music app
aitw-mobile-0240,aitw_standard_subset,AITW,test,"com.android.chrome, com.google.android.googlequicksearchbox",mobile,What's on the menu at IHOP?
aitw-mobile-0241,aitw_standard_subset,AITW,test,"com.android.settings, com.google.android.apps.books",mobile,Check the settings for the Google Play Books app
aitw-mobile-0242,aitw_standard_subset,AITW,test,"com.android.chrome, com.google.android.googlequicksearchbox",mobile,What's the news in Cambodia?
aitw-mobile-0243,aitw_standard_subset,AITW,test,"com.google.android.youtube, com.android.chrome",mobile,Play the latest video from the Huffington Post
aitw-mobile-0244,aitw_standard_subset,AITW,test,"com.android.vending, com.spotify.music",mobile,Install the Spotify app
aitw-mobile-0245,aitw_standard_subset,AITW,test,com.android.chrome,mobile,Open a new private window in Chrome
aitw-mobile-0246,aitw_standard_subset,AITW,test,"com.android.chrome, com.google.android.googlequicksearchbox",mobile,Search for flights from NYC to Mexico city
aitw-mobile-0247,aitw_standard_subset,AITW,test,"com.android.chrome, com.google.android.googlequicksearchbox",mobile,What's the weather like in Moscow?
aitw-mobile-0248,aitw_standard_subset,AITW,test,"com.android.chrome, com.google.android.googlequicksearchbox",mobile,How much does a 2 bedroom apartment rent for in Denver?
aitw-mobile-0249,aitw_standard_subset,AITW,test,"com.android.chrome, com.google.android.googlequicksearchbox",mobile,What's the US dollar exchange rate against the Canadian Dollar?
aitw-mobile-0250,aitw_standard_subset,AITW,test,"com.android.chrome, com.google.android.googlequicksearchbox",mobile,Search for hotels in Atlanta
aitw-mobile-0251,aitw_standard_subset,AITW,test,com.android.chrome,mobile,Open a new incognito window in the chrome app
aitw-mobile-0252,aitw_standard_subset,AITW,test,"com.android.chrome, com.google.android.googlequicksearchbox",mobile,What's on the menu at Burger King?
aitw-mobile-0253,aitw_standard_subset,AITW,test,"com.android.chrome, com.google.android.googlequicksearchbox",mobile,Google the capital of Venezuela
aitw-mobile-0254,aitw_standard_subset,AITW,test,"com.android.chrome, com.google.android.googlequicksearchbox",mobile,Search for flights from Barcelona to Mexico city
aitw-mobile-0255,aitw_standard_subset,AITW,test,"com.android.chrome, com.google.android.googlequicksearchbox",mobile,What's the news in Jamaica?
aitw-mobile-0256,aitw_standard_subset,AITW,test,"com.google.android.apps.maps, com.android.chrome",mobile,How do I get to the nearest Starbucks?
aitw-mobile-0257,aitw_standard_subset,AITW,test,"com.android.chrome, com.google.android.googlequicksearchbox",mobile,Search for flights from Tokyo to Seoul
aitw-mobile-0258,aitw_standard_subset,AITW,test,"com.android.chrome, com.google.android.googlequicksearchbox",mobile,Search for a new mascara
aitw-mobile-0259,aitw_standard_subset,AITW,test,com.android.camera2,mobile,Open the camera
aitw-mobile-0260,aitw_standard_subset,AITW,test,"com.android.chrome, com.google.android.googlequicksearchbox",mobile,Search for flights from Boston to Zurich
aitw-mobile-0261,aitw_standard_subset,AITW,test,"com.android.chrome, com.google.android.googlequicksearchbox",mobile,How much does a 3 bedroom apartment rent for in Atlanta?
aitw-mobile-0262,aitw_standard_subset,AITW,test,"com.android.chrome, com.google.android.googlequicksearchbox",mobile,What is the capital of Germany?
aitw-mobile-0263,aitw_standard_subset,AITW,test,"com.android.chrome, com.google.android.googlequicksearchbox",mobile,Search for flights from Chicago to London
aitw-mobile-0264,aitw_standard_subset,AITW,test,"com.android.chrome, com.google.android.googlequicksearchbox",mobile,What's the news in China?
aitw-mobile-0265,aitw_standard_subset,AITW,test,"com.android.chrome, com.google.android.googlequicksearchbox",mobile,What's the weather like in Paris?
aitw-mobile-0266,aitw_standard_subset,AITW,test,"com.google.android.apps.maps, com.android.chrome",mobile,How do I get to the nearest JCPenney?
aitw-mobile-0267,aitw_standard_subset,AITW,test,"com.google.android.apps.maps, com.android.chrome",mobile,How do I get to the nearest electronics store?
aitw-mobile-0268,aitw_standard_subset,AITW,test,com.google.android.deskclock,mobile,Set an alarm for 7pm
aitw-mobile-0269,aitw_standard_subset,AITW,test,com.google.android.documentsui,mobile,Open the files app
aitw-mobile-0270,aitw_standard_subset,AITW,test,com.android.vending,mobile,Open the play store
aitw-mobile-0271,aitw_standard_subset,AITW,test,"com.google.android.apps.maps, com.android.chrome",mobile,Search for top rated seafood restaurants on Google Maps
aitw-mobile-0272,aitw_standard_subset,AITW,test,"com.android.chrome, com.google.android.googlequicksearchbox",mobile,What's the price of the Galaxy phone?
aitw-mobile-0273,aitw_standard_subset,AITW,test,"com.android.chrome, com.google.android.googlequicksearchbox",mobile,What's US dollar exchange rate against the South Korean Won?
aitw-mobile-0274,aitw_standard_subset,AITW,test,"com.android.chrome, com.google.android.googlequicksearchbox",mobile,Where can I buy a nice beach chair?
aitw-mobile-0275,aitw_standard_subset,AITW,test,"com.google.android.youtube, com.android.chrome",mobile,What's the latest video from GameXplain?
aitw-mobile-0276,aitw_standard_subset,AITW,test,com.android.chrome,mobile,Open a new window in the chrome app
aitw-mobile-0277,aitw_standard_subset,AITW,test,"com.android.chrome, com.google.android.googlequicksearchbox",mobile,What's a good restaurant in Los Angeles?
aitw-mobile-0278,aitw_standard_subset,AITW,test,"com.android.chrome, com.google.android.googlequicksearchbox",mobile,Search for hotels in Sydney
aitw-mobile-0279,aitw_standard_subset,AITW,test,"com.google.android.apps.maps, com.android.chrome",mobile,How do I get to the nearest McDonalds?
aitw-mobile-0280,aitw_standard_subset,AITW,test,"com.android.chrome, com.google.android.googlequicksearchbox",mobile,What's the news in French Guiana?
aitw-mobile-0281,aitw_standard_subset,AITW,test,"com.android.chrome, com.google.android.googlequicksearchbox",mobile,Where can I buy a nice beach tote?
aitw-mobile-0282,aitw_standard_subset,AITW,test,"com.android.chrome, com.google.android.googlequicksearchbox",mobile,Search for hotels in Paris
aitw-mobile-0283,aitw_standard_subset,AITW,test,"com.android.chrome, com.google.android.googlequicksearchbox",mobile,What's the latest news in space technology?
aitw-mobile-0284,aitw_standard_subset,AITW,test,"com.android.chrome, com.google.android.googlequicksearchbox",mobile,What's the price of the TCL TV?
aitw-mobile-0285,aitw_standard_subset,AITW,test,"com.android.chrome, com.google.android.googlequicksearchbox",mobile,What's the weather like in Mexico City?
aitw-mobile-0286,aitw_standard_subset,AITW,test,"com.android.settings, com.android.chrome",mobile,Check the settings for the Google Chrome app
aitw-mobile-0287,aitw_standard_subset,AITW,test,"com.android.chrome, com.google.android.googlequicksearchbox",mobile,What's the latest news in space?
aitw-mobile-0288,aitw_standard_subset,AITW,test,"com.android.chrome, com.google.android.googlequicksearchbox",mobile,What's US dollar exchange rateagainst the Mexican Peso?
aitw-mobile-0289,aitw_standard_subset,AITW,test,"com.android.chrome, com.google.android.googlequicksearchbox",mobile,How much does a 3 bedroom apartment rent for in Washington DC?
aitw-mobile-0290,aitw_standard_subset,AITW,test,"com.android.chrome, com.google.android.googlequicksearchbox",mobile,How much does a 2 bedroom apartment rent for in San Francisco?
aitw-mobile-0291,aitw_standard_subset,AITW,test,"com.android.chrome, com.google.android.googlequicksearchbox",mobile,Search for good Italian restaurants
aitw-mobile-0292,aitw_standard_subset,AITW,test,"com.android.chrome, com.google.android.googlequicksearchbox",mobile,How much does a 2 bedroom apartment rent for in Washington DC?
aitw-mobile-0293,aitw_standard_subset,AITW,test,"com.android.chrome, com.google.android.googlequicksearchbox",mobile,What's the news in theFalkland Islands?
aitw-mobile-0294,aitw_standard_subset,AITW,test,"com.android.chrome, com.google.android.googlequicksearchbox",mobile,What is the capital of Mexico?
aitw-mobile-0295,aitw_standard_subset,AITW,test,"com.android.settings, com.facebook.katana",mobile,Check the settings for the Facebook app
aitw-mobile-0296,aitw_standard_subset,AITW,test,"com.android.chrome, com.google.android.googlequicksearchbox",mobile,How much does a 2 bedroom apartment rent for in Miami?
aitw-mobile-0297,aitw_standard_subset,AITW,test,com.google.android.contacts,mobile,Open the contacts app
aitw-mobile-0298,aitw_standard_subset,AITW,test,"com.android.chrome, com.google.android.googlequicksearchbox",mobile,Google the capital of Argentina
aitw-mobile-0299,aitw_standard_subset,AITW,test,com.android.chrome,mobile,Open a new incognito window in Chrome
aitw-mobile-0300,aitw_standard_subset,AITW,test,"com.android.chrome, com.google.android.googlequicksearchbox",mobile,What's the news in Taiwan?
aitw-mobile-0301,aitw_standard_subset,AITW,test,"com.android.chrome, com.google.android.googlequicksearchbox",mobile,What are the new products by Samsung?
aitw-mobile-0302,aitw_standard_subset,AITW,test,"com.android.chrome, com.google.android.googlequicksearchbox",mobile,What is the capital of the United Kingdom?
aitw-mobile-0303,aitw_standard_subset,AITW,test,"com.android.chrome, com.google.android.googlequicksearchbox",mobile,Search for flights from Helsinki to Tokyo
aitw-mobile-0304,aitw_standard_subset,AITW,test,"com.android.chrome, com.google.android.googlequicksearchbox",mobile,Search for hotels in Tokyo
aitw-mobile-0305,aitw_standard_subset,AITW,test,"com.android.chrome, com.google.android.googlequicksearchbox",mobile,What is the speed of a plane?
aitw-mobile-0306,aitw_standard_subset,AITW,test,"com.google.android.apps.maps, com.android.chrome",mobile,Search for a good pizza place on Maps
aitw-mobile-0307,aitw_standard_subset,AITW,test,"com.android.chrome, com.google.android.googlequicksearchbox",mobile,Search for a new eyeliner
aitw-mobile-0308,aitw_standard_subset,AITW,test,"com.google.android.youtube, com.android.chrome",mobile,Play the new Beyonce video on YouTube
aitw-mobile-0309,aitw_standard_subset,AITW,test,"com.android.chrome, com.google.android.googlequicksearchbox",mobile,Search for hotels in New York
aitw-mobile-0310,aitw_standard_subset,AITW,test,"com.android.chrome, com.google.android.googlequicksearchbox",mobile,Search for hotels in Denver
aitw-mobile-0311,aitw_standard_subset,AITW,test,"com.google.android.apps.maps, com.android.chrome",mobile,Search for top rated pizza restaurants on Maps
aitw-mobile-0312,aitw_standard_subset,AITW,test,"com.android.chrome, com.google.android.googlequicksearchbox",mobile,What's the news in Barbados?
aitw-mobile-0313,aitw_standard_subset,AITW,test,"com.sephora, com.android.chrome",mobile,Search for a new blush on Sephora
aitw-mobile-0314,aitw_standard_subset,AITW,test,"com.android.chrome, com.google.android.googlequicksearchbox",mobile,What's the weather like in Beijing?
aitw-mobile-0315,aitw_standard_subset,AITW,test,"com.android.chrome, com.google.android.googlequicksearchbox",mobile,Search for flights from Buenos aires to Seoul
aitw-mobile-0316,aitw_standard_subset,AITW,test,"com.android.chrome, com.google.android.googlequicksearchbox",mobile,What's the weather like in New York?
aitw-mobile-0317,aitw_standard_subset,AITW,test,"com.android.chrome, com.google.android.googlequicksearchbox",mobile,Where can I buy a nice beach hat?
aitw-mobile-0318,aitw_standard_subset,AITW,test,"com.sephora, com.android.chrome",mobile,Search for a new foundation on Sephora
aitw-mobile-0319,aitw_standard_subset,AITW,test,"com.android.chrome, com.google.android.googlequicksearchbox",mobile,Google the capital of Colombia
aitw-mobile-0320,aitw_standard_subset,AITW,test,"com.android.chrome, com.google.android.googlequicksearchbox",mobile,How much does a 3 bedroom apartment rent for in Houston?
aitw-mobile-0321,aitw_standard_subset,AITW,test,"com.android.chrome, com.google.android.googlequicksearchbox",mobile,Who is the president of France?
aitw-mobile-0322,aitw_standard_subset,AITW,test,"com.android.chrome, com.google.android.googlequicksearchbox",mobile,What's a good restaurant in Sacramento?
aitw-mobile-0323,aitw_standard_subset,AITW,test,com.google.android.deskclock,mobile,Set an alarm for 8pm
aitw-mobile-0324,aitw_standard_subset,AITW,test,com.google.android.apps.youtube.music,mobile,Open the music app
aitw-mobile-0325,aitw_standard_subset,AITW,test,"com.android.chrome, com.google.android.googlequicksearchbox",mobile,What's on the menu at Papa Murphy's?
aitw-mobile-0326,aitw_standard_subset,AITW,test,"com.reddit.frontpage, com.android.chrome",mobile,What's on Reddit
aitw-mobile-0327,aitw_standard_subset,AITW,test,"com.android.chrome, com.google.android.googlequicksearchbox",mobile,What's the latest technology news?
aitw-mobile-0328,aitw_standard_subset,AITW,test,com.android.settings,mobile,Open the settings
aitw-mobile-0329,aitw_standard_subset,AITW,test,"com.google.android.apps.maps, com.android.chrome",mobile,How do I get to the nearest Burger King?
aitw-mobile-0330,aitw_standard_subset,AITW,test,com.google.android.gm,mobile,Check my email
aitw-mobile-0331,aitw_standard_subset,AITW,test,"com.android.chrome, com.google.android.googlequicksearchbox",mobile,What's a good restaurant in Dallas?
aitw-mobile-0332,aitw_standard_subset,AITW,test,"com.android.chrome, com.google.android.googlequicksearchbox",mobile,What's the latest news in space exploration?
aitw-mobile-0333,aitw_standard_subset,AITW,test,"com.android.chrome, com.google.android.googlequicksearchbox",mobile,What's the news in the Philippines?
aitw-mobile-0334,aitw_standard_subset,AITW,test,com.google.android.deskclock,mobile,Set an alarm for 8am
aitw-mobile-0335,aitw_standard_subset,AITW,test,"com.android.chrome, com.google.android.googlequicksearchbox",mobile,Search for hotels in Las Vegas
aitw-mobile-0336,aitw_standard_subset,AITW,test,"com.android.chrome, com.google.android.googlequicksearchbox",mobile,How much does a 3 bedroom apartment rent for in Seattle?
aitw-mobile-0337,aitw_standard_subset,AITW,test,"com.android.chrome, com.google.android.googlequicksearchbox",mobile,What's the news in Puerto Rico?
aitw-mobile-0338,aitw_standard_subset,AITW,test,"com.android.chrome, com.google.android.googlequicksearchbox",mobile,Google the capital of the United States
aitw-mobile-0339,aitw_standard_subset,AITW,test,com.google.android.calendar,mobile,Open the calendar
aitw-mobile-0340,aitw_standard_subset,AITW,test,"com.android.chrome, com.google.android.googlequicksearchbox",mobile,What is the capital of Norway?
aitw-mobile-0341,aitw_standard_subset,AITW,test,"com.android.chrome, com.google.android.googlequicksearchbox",mobile,How much does the new iPad cost?
aitw-mobile-0342,aitw_standard_subset,AITW,test,"com.android.chrome, com.google.android.googlequicksearchbox",mobile,How much does a 3 bedroom apartment rent for in San Francisco?
aitw-mobile-0343,aitw_standard_subset,AITW,test,"com.android.chrome, com.google.android.googlequicksearchbox",mobile,How big is a giraffe?
aitw-mobile-0344,aitw_standard_subset,AITW,test,"com.google.android.youtube, com.android.chrome",mobile,Play the new Taylor Swift video on YouTube
aitw-mobile-0345,aitw_standard_subset,AITW,test,"com.android.chrome, com.google.android.googlequicksearchbox",mobile,What's the news in Sri Lanka?
aitw-mobile-0346,aitw_standard_subset,AITW,test,"com.android.chrome, com.google.android.googlequicksearchbox",mobile,What's the news in Paraguay?
aitw-mobile-0347,aitw_standard_subset,AITW,test,com.reddit.frontpage,mobile,Open Reddit
aitw-mobile-0348,aitw_standard_subset,AITW,test,"com.android.chrome, com.google.android.googlequicksearchbox",mobile,What's a good restaurant in San Diego?
aitw-mobile-0349,aitw_standard_subset,AITW,test,"com.android.chrome, com.google.android.googlequicksearchbox",mobile,What's the news in India?
aitw-mobile-0350,aitw_standard_subset,AITW,test,"com.android.settings, com.instagram.android",mobile,Check the settings for the Instagram app
aitw-mobile-0351,aitw_standard_subset,AITW,test,"com.android.chrome, com.google.android.googlequicksearchbox",mobile,How much does a 2 bedroom apartment rent for in Los Angeles?
aitw-mobile-0352,aitw_standard_subset,AITW,test,"com.android.vending, com.facebook.katana",mobile,Install the Facebook app
aitw-mobile-0353,aitw_standard_subset,AITW,test,com.google.android.deskclock,mobile,Set an alarm for 6am
aitw-mobile-0354,aitw_standard_subset,AITW,test,"com.android.chrome, com.google.android.googlequicksearchbox",mobile,What's the news in Peru?
aitw-mobile-0355,aitw_standard_subset,AITW,test,"com.android.chrome, com.google.android.googlequicksearchbox",mobile,How much does the Samsung TV cost?
aitw-mobile-0356,aitw_standard_subset,AITW,test,"com.android.chrome, com.google.android.googlequicksearchbox",mobile,Search for good Indian restaurants
aitw-mobile-0357,aitw_standard_subset,AITW,test,"com.android.chrome, com.google.android.googlequicksearchbox",mobile,Where can I buy a nice beach umbrella?
aitw-mobile-0358,aitw_standard_subset,AITW,test,"com.google.android.youtube, com.android.chrome",mobile,What's the latest video from GameSpot?
aitw-mobile-0359,aitw_standard_subset,AITW,test,"com.android.chrome, com.google.android.googlequicksearchbox",mobile,What's the latest news in space science?
aitw-mobile-0360,aitw_standard_subset,AITW,test,"com.android.chrome, com.google.android.googlequicksearchbox",mobile,How much does a 3 bedroom apartment rent for in Boston?
aitw-mobile-0361,aitw_standard_subset,AITW,test,com.android.chrome,mobile,Open a new Chrome window
aitw-mobile-0362,aitw_standard_subset,AITW,test,"com.android.chrome, com.google.android.googlequicksearchbox",mobile,What's the news this month?
aitw-mobile-0363,aitw_standard_subset,AITW,test,"com.android.chrome, com.google.android.googlequicksearchbox",mobile,What's the price of the Hisense TV?
aitw-mobile-0364,aitw_standard_subset,AITW,test,com.google.android.deskclock,mobile,Set an alarm for 2pm
aitw-mobile-0365,aitw_standard_subset,AITW,test,"com.android.chrome, com.google.android.googlequicksearchbox",mobile,Who is the president of the United States?
aitw-mobile-0366,aitw_standard_subset,AITW,test,"com.android.chrome, com.google.android.googlequicksearchbox",mobile,Search for flights from Seoul to Barcelona
aitw-mobile-0367,aitw_standard_subset,AITW,test,"com.google.android.apps.maps, com.android.chrome",mobile,Search for vegetarian restaurants on Maps
aitw-mobile-0368,aitw_standard_subset,AITW,test,"com.android.vending, com.twitter.android",mobile,Install the Twitter app
aitw-mobile-0369,aitw_standard_subset,AITW,test,"com.android.chrome, com.google.android.googlequicksearchbox",mobile,Search for flights from Sydney to Zurich
aitw-mobile-0370,aitw_standard_subset,AITW,test,com.google.android.deskclock,mobile,What's the time in San Francisco?
aitw-mobile-0371,aitw_standard_subset,AITW,test,"com.android.chrome, com.google.android.googlequicksearchbox",mobile,What's the news this morning?
aitw-mobile-0372,aitw_standard_subset,AITW,test,com.google.android.deskclock,mobile,What time is it in Moscow?
aitw-mobile-0373,aitw_standard_subset,AITW,test,"com.android.chrome, com.google.android.googlequicksearchbox",mobile,What's a good restaurant in Miami?
aitw-mobile-0374,aitw_standard_subset,AITW,test,com.android.chrome,mobile,Open a new private tab in Chrome
aitw-mobile-0375,aitw_standard_subset,AITW,test,com.google.android.deskclock,mobile,Set an alarm for 6pm
aitw-mobile-0376,aitw_standard_subset,AITW,test,"com.android.chrome, com.google.android.googlequicksearchbox",mobile,Search for good Korean restaurants
aitw-mobile-0377,aitw_standard_subset,AITW,test,"com.android.chrome, com.google.android.googlequicksearchbox",mobile,How much does the Vizio TV cost?
aitw-mobile-0378,aitw_standard_subset,AITW,test,"com.google.android.apps.maps, com.android.chrome",mobile,Search for top rated sushi restaurants on Maps
aitw-mobile-0379,aitw_standard_subset,AITW,test,com.google.android.apps.messaging,mobile,Open the SMS app
aitw-mobile-0380,aitw_standard_subset,AITW,test,"com.android.chrome, com.google.android.googlequicksearchbox",mobile,Search for hotels in Chicago
aitw-mobile-0381,aitw_standard_subset,AITW,test,"com.android.chrome, com.google.android.googlequicksearchbox",mobile,What's the weather like in Los Angeles?
aitw-mobile-0382,aitw_standard_subset,AITW,test,"com.android.chrome, com.google.android.googlequicksearchbox",mobile,Search for flights from NYC to London
aitw-mobile-0383,aitw_standard_subset,AITW,test,"com.android.chrome, com.google.android.googlequicksearchbox",mobile,What's a good restaurant in Philadelphia?
aitw-mobile-0384,aitw_standard_subset,AITW,test,"com.android.chrome, com.google.android.googlequicksearchbox",mobile,What is the capital of Switzerland?
aitw-mobile-0385,aitw_standard_subset,AITW,test,com.android.chrome,mobile,Open a new incognito tab in the chrome app
aitw-mobile-0386,aitw_standard_subset,AITW,test,"com.android.chrome, com.google.android.googlequicksearchbox",mobile,Search for flights from Sydney to Buenos aires
aitw-mobile-0387,aitw_standard_subset,AITW,test,"com.android.vending, com.yelp.android",mobile,Install the Yelp app
aitw-mobile-0388,aitw_standard_subset,AITW,test,"com.android.chrome, com.google.android.googlequicksearchbox",mobile,What's the news in Ecuador?
aitw-mobile-0389,aitw_standard_subset,AITW,test,"com.google.android.apps.maps, com.android.chrome",mobile,Search for top rated burger restaurants on Maps
aitw-mobile-0390,aitw_standard_subset,AITW,test,"com.android.chrome, com.google.android.googlequicksearchbox",mobile,How much does a 3 bedroom apartment rent for in Los Angeles?
aitw-mobile-0391,aitw_standard_subset,AITW,test,"com.android.vending, com.google.android.googlequicksearchbox",mobile,Install the Google app
aitw-mobile-0392,aitw_standard_subset,AITW,test,"com.android.chrome, com.google.android.googlequicksearchbox",mobile,What's on the menu at McDonalds?
aitw-mobile-0393,aitw_standard_subset,AITW,test,com.google.android.calendar,mobile,What's on my calendar for the rest of the month?
aitw-mobile-0394,aitw_standard_subset,AITW,test,"com.android.chrome, com.google.android.googlequicksearchbox",mobile,What's the latest news in planetary science?
aitw-mobile-0395,aitw_standard_subset,AITW,test,"com.google.android.apps.maps, com.android.chrome",mobile,Find the nearest electronics store that's open now
aitw-mobile-0396,aitw_standard_subset,AITW,test,"com.android.chrome, com.google.android.googlequicksearchbox",mobile,Google the capital of Bolivia
aitw-mobile-0397,aitw_standard_subset,AITW,test,"com.android.chrome, com.google.android.googlequicksearchbox",mobile,How big is the earth?
aitw-mobile-0398,aitw_standard_subset,AITW,test,"com.google.android.youtube, com.android.chrome",mobile,Play the new Justin Bieber video on YouTube
aitw-mobile-0399,aitw_standard_subset,AITW,test,"com.google.android.apps.maps, com.android.chrome",mobile,How do I get to the nearest Best Buy?
aitw-mobile-0400,aitw_standard_subset,AITW,test,"com.android.vending, com.ebay.mobile",mobile,Install the eBay app
aitw-mobile-0401,aitw_standard_subset,AITW,test,"com.android.chrome, com.google.android.googlequicksearchbox",mobile,What's on the menu at Chick-fil-A?
aitw-mobile-0402,aitw_standard_subset,AITW,test,"com.android.chrome, com.google.android.googlequicksearchbox",mobile,What's a good restaurant in New Jersey?
aitw-mobile-0403,aitw_standard_subset,AITW,test,com.google.android.deskclock,mobile,Open the clock app
aitw-mobile-0404,aitw_standard_subset,AITW,test,"com.android.settings, com.google.android.music",mobile,Check the settings for the Google Play Music app
aitw-mobile-0405,aitw_standard_subset,AITW,test,com.android.settings,mobile,Show me my notifications
aitw-mobile-0406,aitw_standard_subset,AITW,test,"com.android.chrome, com.google.android.googlequicksearchbox",mobile,Google the capital of Paraguay
aitw-mobile-0407,aitw_standard_subset,AITW,test,"com.android.chrome, com.google.android.googlequicksearchbox",mobile,Search for top rated sushi restaurant
aitw-mobile-0408,aitw_standard_subset,AITW,test,"com.android.chrome, com.google.android.googlequicksearchbox",mobile,What's the news in Suriname?
aitw-mobile-0409,aitw_standard_subset,AITW,test,"com.reddit.frontpage, com.android.chrome",mobile,What's the top post on reddit today?
aitw-mobile-0410,aitw_standard_subset,AITW,test,"com.ebay.mobile, com.android.chrome",mobile,What does the iPhone 8 look like on eBay?
aitw-mobile-0411,aitw_standard_subset,AITW,test,"com.android.chrome, com.google.android.googlequicksearchbox",mobile,What's on the menu at Subway?
aitw-mobile-0412,aitw_standard_subset,AITW,test,"com.android.settings, com.google.android.apps.maps",mobile,Turn on notifications for the Google Maps app
aitw-mobile-0413,aitw_standard_subset,AITW,test,"com.android.chrome, com.google.android.googlequicksearchbox",mobile,Search for good Chinese restaurants
aitw-mobile-0414,aitw_standard_subset,AITW,test,"com.android.chrome, com.google.android.googlequicksearchbox",mobile,What's a good restaurant in Las Vegas?
aitw-mobile-0415,aitw_standard_subset,AITW,test,"com.android.chrome, com.google.android.googlequicksearchbox",mobile,What's the latest news in astrophysics?
aitw-mobile-0416,aitw_standard_subset,AITW,test,"com.android.chrome, com.google.android.googlequicksearchbox",mobile,What are the best selling refrigerators at Lowes?
aitw-mobile-0417,aitw_standard_subset,AITW,test,"com.android.chrome, com.google.android.googlequicksearchbox",mobile,How big is a lion?
aitw-mobile-0418,aitw_standard_subset,AITW,test,"com.android.chrome, com.google.android.googlequicksearchbox",mobile,What's a good restaurant in New York?
aitw-mobile-0419,aitw_standard_subset,AITW,test,"com.android.chrome, com.google.android.googlequicksearchbox",mobile,Search for flights from Helsinki to Seoul
aitw-mobile-0420,aitw_standard_subset,AITW,test,"com.android.chrome, com.google.android.googlequicksearchbox",mobile,Search for flights from Mexico city to Sydney
aitw-mobile-0421,aitw_standard_subset,AITW,test,"com.android.settings, com.google.android.youtube",mobile,Check the settings for the YouTube app
aitw-mobile-0422,aitw_standard_subset,AITW,test,"com.android.settings, com.google.android.apps.maps",mobile,Turn off notifications for the Google Maps app
aitw-mobile-0423,aitw_standard_subset,AITW,test,"com.android.chrome, com.google.android.googlequicksearchbox",mobile,How much does a 2 bedroom apartment rent for in Austin?
aitw-mobile-0424,aitw_standard_subset,AITW,test,"com.android.chrome, com.google.android.googlequicksearchbox",mobile,Search for good Greek restaurants
aitw-mobile-0425,aitw_standard_subset,AITW,test,"com.google.android.apps.maps, com.android.chrome",mobile,How do I get to the nearest Target?
aitw-mobile-0426,aitw_standard_subset,AITW,test,com.google.android.deskclock,mobile,Set an alarm for 4pm
aitw-mobile-0427,aitw_standard_subset,AITW,test,com.android.chrome,mobile,Open a new Chrome incognito tab
aitw-mobile-0428,aitw_standard_subset,AITW,test,"com.android.chrome, com.google.android.googlequicksearchbox",mobile,What's US dollar exchange rate against the British Pound?
aitw-mobile-0429,aitw_standard_subset,AITW,test,"com.android.chrome, com.google.android.googlequicksearchbox",mobile,Search for hotels in NYC
aitw-mobile-0430,aitw_standard_subset,AITW,test,"com.android.chrome, com.google.android.googlequicksearchbox",mobile,What is the capital of Argentina?
aitw-mobile-0431,aitw_standard_subset,AITW,test,"com.android.chrome, com.google.android.googlequicksearchbox",mobile,Search for a new perfume
aitw-mobile-0432,aitw_standard_subset,AITW,test,"com.android.vending, com.weather.Weather",mobile,Install the Weather app
aitw-mobile-0433,aitw_standard_subset,AITW,test,"com.android.chrome, com.google.android.googlequicksearchbox",mobile,Search for the best Mexican restaurants
aitw-mobile-0434,aitw_standard_subset,AITW,test,com.google.android.apps.photos,mobile,Open the gallery
aitw-mobile-0435,aitw_standard_subset,AITW,test,"com.android.settings, com.google.android.apps.photos",mobile,Toggle notifications for the Google Photos app
aitw-mobile-0436,aitw_standard_subset,AITW,test,"com.google.android.youtube, com.android.chrome",mobile,What's the latest video from Game Informer?
aitw-mobile-0437,aitw_standard_subset,AITW,test,"com.android.chrome, com.google.android.googlequicksearchbox",mobile,What's the weather like in Delhi?
aitw-mobile-0438,aitw_standard_subset,AITW,test,"com.android.chrome, com.google.android.googlequicksearchbox",mobile,Where can I buy a nice beach blanket?
aitw-mobile-0439,aitw_standard_subset,AITW,test,"com.android.chrome, com.google.android.googlequicksearchbox",mobile,What's the news about the US stock market?
aitw-mobile-0440,aitw_standard_subset,AITW,test,"com.google.android.youtube, com.android.chrome",mobile,Play the new Demi Lovato video on YouTube
aitw-mobile-0441,aitw_standard_subset,AITW,test,"com.sephora, com.android.chrome",mobile,Search for a new eyeshadow on Sephora
aitw-mobile-0442,aitw_standard_subset,AITW,test,com.google.android.gm,mobile,Check my email inbox
aitw-mobile-0443,aitw_standard_subset,AITW,test,"com.android.chrome, com.google.android.googlequicksearchbox",mobile,What is the average speed of a car?
aitw-mobile-0444,aitw_standard_subset,AITW,test,"com.android.chrome, com.google.android.googlequicksearchbox",mobile,What's the news in Bolivia?
aitw-mobile-0445,aitw_standard_subset,AITW,test,"com.android.chrome, com.google.android.googlequicksearchbox",mobile,Where can I buy a nice beach bag?
aitw-mobile-0446,aitw_standard_subset,AITW,test,"com.android.vending, com.amazon.mShop.android.shopping",mobile,Install the Amazon app
aitw-mobile-0447,aitw_standard_subset,AITW,test,"com.android.chrome, com.google.android.googlequicksearchbox",mobile,What is the price of a 12' ladder at Home Depot?
aitw-mobile-0448,aitw_standard_subset,AITW,test,"com.android.chrome, com.google.android.googlequicksearchbox",mobile,What's the news in Trinidad and Tobago?
aitw-mobile-0449,aitw_standard_subset,AITW,test,"com.google.android.youtube, com.android.chrome",mobile,What's the latest video from GameSpot eSports?
aitw-mobile-0450,aitw_standard_subset,AITW,test,"com.google.android.apps.maps, com.android.chrome",mobile,How do I get to the nearest AT&T Store?
aitw-mobile-0451,aitw_standard_subset,AITW,test,"com.android.chrome, com.google.android.googlequicksearchbox",mobile,What's the latest news in tech?
aitw-mobile-0452,aitw_standard_subset,AITW,test,com.google.android.deskclock,mobile,What's the time?
aitw-mobile-0453,aitw_standard_subset,AITW,test,"com.android.chrome, com.google.android.googlequicksearchbox",mobile,What's the news about the US president?
aitw-mobile-0454,aitw_standard_subset,AITW,test,"com.android.chrome, com.google.android.googlequicksearchbox",mobile,What's the news in Brazil?
aitw-mobile-0455,aitw_standard_subset,AITW,test,"com.android.chrome, com.google.android.googlequicksearchbox",mobile,How much does the Sony TV cost?
aitw-mobile-0456,aitw_standard_subset,AITW,test,"com.google.android.apps.maps, com.android.chrome",mobile,How do I get to the nearest Subway?
aitw-mobile-0457,aitw_standard_subset,AITW,test,"com.android.vending, com.instagram.android",mobile,Install the Instagram app
aitw-mobile-0458,aitw_standard_subset,AITW,test,"com.android.chrome, com.google.android.googlequicksearchbox",mobile,Google the capital of Ecuador
aitw-mobile-0459,aitw_standard_subset,AITW,test,"com.android.chrome, com.google.android.googlequicksearchbox",mobile,What's on the menu at Starbucks?
aitw-mobile-0460,aitw_standard_subset,AITW,test,"com.android.chrome, com.google.android.googlequicksearchbox",mobile,Search for hotels in Mexico city
aitw-mobile-0461,aitw_standard_subset,AITW,test,com.google.android.deskclock,mobile,Set an alarm for 12pm
aitw-mobile-0462,aitw_standard_subset,AITW,test,"com.android.chrome, com.google.android.googlequicksearchbox",mobile,Search for good Thai restaurants
aitw-mobile-0463,aitw_standard_subset,AITW,test,"com.android.chrome, com.google.android.googlequicksearchbox",mobile,What's the news this weekend?
aitw-mobile-0464,aitw_standard_subset,AITW,test,"com.android.chrome, com.google.android.googlequicksearchbox",mobile,What's the US dollar exchange rate against the Australian Dollar?
aitw-mobile-0465,aitw_standard_subset,AITW,test,"com.android.chrome, com.google.android.googlequicksearchbox",mobile,What's on the menu at Papa John's?
aitw-mobile-0466,aitw_standard_subset,AITW,test,"com.android.chrome, com.google.android.googlequicksearchbox",mobile,Search for hotels in San Diego
aitw-mobile-0467,aitw_standard_subset,AITW,test,"com.android.chrome, com.google.android.googlequicksearchbox",mobile,What's the weather like in Mumbai?
aitw-mobile-0468,aitw_standard_subset,AITW,test,"com.google.android.youtube, com.android.chrome",mobile,Play the new Ed Sheeran video on YouTube
aitw-mobile-0469,aitw_standard_subset,AITW,test,"com.android.chrome, com.google.android.googlequicksearchbox",mobile,What is the price of a 12' ladder at Lowes?
aitw-mobile-0470,aitw_standard_subset,AITW,test,"com.android.settings, com.amazon.mp3",mobile,Checkthe settings for the Amazon Prime Music app
aitw-mobile-0471,aitw_standard_subset,AITW,test,"com.google.android.apps.maps, com.android.chrome",mobile,How do I get to the nearest T-Mobile Store?
aitw-mobile-0472,aitw_standard_subset,AITW,test,"com.android.chrome, com.google.android.googlequicksearchbox",mobile,What's the US dollar exchange rateagainst the Swiss Franc?
aitw-mobile-0473,aitw_standard_subset,AITW,test,"com.android.chrome, com.google.android.googlequicksearchbox",mobile,Search for flights from NYC to Barcelona
aitw-mobile-0474,aitw_standard_subset,AITW,test,"com.android.chrome, com.google.android.googlequicksearchbox",mobile,Search for good BBQ restaurants
aitw-mobile-0475,aitw_standard_subset,AITW,test,"com.android.chrome, com.google.android.googlequicksearchbox",mobile,Search for flights from Tokyo to Mexico city
aitw-mobile-0476,aitw_standard_subset,AITW,test,"com.android.chrome, com.google.android.googlequicksearchbox",mobile,How big is a tiger?
aitw-mobile-0477,aitw_standard_subset,AITW,test,com.google.android.deskclock,mobile,Set an alarm for 7am
aitw-mobile-0478,aitw_standard_subset,AITW,test,com.google.android.deskclock,mobile,Set an alarm for 9am
aitw-mobile-0479,aitw_standard_subset,AITW,test,"com.android.chrome, com.google.android.googlequicksearchbox",mobile,Search for flights from NYC to San Francisco
aitw-mobile-0480,aitw_standard_subset,AITW,test,"com.google.android.apps.maps, com.android.chrome",mobile,How do I get to the nearest Chipotle?
aitw-mobile-0481,aitw_standard_subset,AITW,test,"com.android.chrome, com.google.android.googlequicksearchbox",mobile,What's a good restaurant in Phoenix?
aitw-mobile-0482,aitw_standard_subset,AITW,test,"com.android.chrome, com.google.android.googlequicksearchbox",mobile,What's on the menu at Chipotle?
aitw-mobile-0483,aitw_standard_subset,AITW,test,"com.google.android.youtube, com.android.chrome",mobile,Play the new Selena Gomez video on YouTube
aitw-mobile-0484,aitw_standard_subset,AITW,test,"com.android.chrome, com.google.android.googlequicksearchbox",mobile,Search for flights from Seoul to Mexico city
aitw-mobile-0485,aitw_standard_subset,AITW,test,"com.android.vending, me.lyft.android",mobile,Install the Lyft app
aitw-mobile-0486,aitw_standard_subset,AITW,test,"com.google.android.apps.maps, com.android.chrome",mobile,Search for good pizza restaurants on Maps
aitw-mobile-0487,aitw_standard_subset,AITW,test,"com.android.chrome, com.google.android.googlequicksearchbox",mobile,What's the news in Venezuela?
aitw-mobile-0488,aitw_standard_subset,AITW,test,com.google.android.gm,mobile,Check my gmail inbox
aitw-mobile-0489,aitw_standard_subset,AITW,test,"com.google.android.apps.maps, com.android.chrome",mobile,How do I get to the nearest grocery store?
aitw-mobile-0490,aitw_standard_subset,AITW,test,"com.android.chrome, com.google.android.googlequicksearchbox",mobile,Search for flights from Mexico city to Seattle
aitw-mobile-0491,aitw_standard_subset,AITW,test,"com.android.chrome, com.google.android.googlequicksearchbox",mobile,What's the weather like in Hong Kong?
aitw-mobile-0492,aitw_standard_subset,AITW,test,"com.android.chrome, com.google.android.googlequicksearchbox",mobile,What is the capital of England?
aitw-mobile-0493,aitw_standard_subset,AITW,test,"com.android.chrome, com.google.android.googlequicksearchbox",mobile,Show me some nice wallpapers for my laptop
aitw-mobile-0494,aitw_standard_subset,AITW,test,com.android.chrome,mobile,Open a new window in Chrome
aitw-mobile-0495,aitw_standard_subset,AITW,test,"com.google.android.youtube, com.android.chrome",mobile,What's the latest video from Gameranx?
aitw-mobile-0496,aitw_standard_subset,AITW,test,"com.ebay.mobile, com.android.chrome",mobile,WHat are the new products by Samsung on eBay?
aitw-mobile-0497,aitw_standard_subset,AITW,test,"com.android.chrome, com.google.android.googlequicksearchbox",mobile,How big is a blue whale?
llamatouch-mobile-0498,llamatouch_test,LlamaTouch,test,com.android.vending,mobile,Check the settings for the Google Play Store app
llamatouch-mobile-0499,llamatouch_test,LlamaTouch,test,com.google.android.youtube,mobile,Play the latest video from the Washington Post on Youtube
llamatouch-mobile-0500,llamatouch_test,LlamaTouch,test,com.android.settings,mobile,Go to notification settings
llamatouch-mobile-0501,llamatouch_test,LlamaTouch,test,com.android.settings,mobile,Turn notification dots off
llamatouch-mobile-0502,llamatouch_test,LlamaTouch,test,com.android.chrome,mobile,Manage bookmarks in the chrome app
llamatouch-mobile-0503,llamatouch_test,LlamaTouch,test,com.android.settings,mobile,Turn off wifi
llamatouch-mobile-0504,llamatouch_test,LlamaTouch,test,com.google.android.apps.maps,mobile,Search for sushi restaurants on Maps
llamatouch-mobile-0505,llamatouch_test,LlamaTouch,test,com.android.settings,mobile,"Set the phone to ""Do not disturb""."
llamatouch-mobile-0506,llamatouch_test,LlamaTouch,test,com.google.android.deskclock,mobile,Change alarm snooze length
llamatouch-mobile-0507,llamatouch_test,LlamaTouch,test,com.android.settings,mobile,Turn on improve location accuracy
llamatouch-mobile-0508,llamatouch_test,LlamaTouch,test,com.android.settings,mobile,Check android version
llamatouch-mobile-0509,llamatouch_test,LlamaTouch,test,com.android.chrome,mobile,Set default search engine in the chrome app
llamatouch-mobile-0510,llamatouch_test,LlamaTouch,test,com.android.chrome,mobile,Show me the alarms in the clock app
llamatouch-mobile-0511,llamatouch_test,LlamaTouch,test,com.google.android.gm,mobile,Remove spam from my inbox in the gmail app
llamatouch-mobile-0512,llamatouch_test,LlamaTouch,test,com.google.android.calendar,mobile,What's on my calendar tomorrow?
llamatouch-mobile-0513,llamatouch_test,LlamaTouch,test,com.android.chrome,mobile,Turn on translation in the chrome app
llamatouch-mobile-0514,llamatouch_test,LlamaTouch,test,com.android.settings,mobile,Turn on bluetooth scan
llamatouch-mobile-0515,llamatouch_test,LlamaTouch,test,com.google.android.gm,mobile,Delete a single message in the gmail app
llamatouch-mobile-0516,llamatouch_test,LlamaTouch,test,com.google.android.apps.photos,mobile,Change the upload size in google photos
llamatouch-mobile-0517,llamatouch_test,LlamaTouch,test,com.google.android.apps.maps,mobile,Open settings on Google Maps
llamatouch-mobile-0518,llamatouch_test,LlamaTouch,test,com.google.android.contacts,mobile,Open my contact list
llamatouch-mobile-0519,llamatouch_test,LlamaTouch,test,com.google.android.deskclock,mobile,Set the stopwatch
llamatouch-mobile-0520,llamatouch_test,LlamaTouch,test,com.android.settings,mobile,Turn on airplane mode
llamatouch-mobile-0521,llamatouch_test,LlamaTouch,test,com.android.settings,mobile,Go to sound settings
llamatouch-mobile-0522,llamatouch_test,LlamaTouch,test,com.android.settings,mobile,Go to location settings
llamatouch-mobile-0523,llamatouch_test,LlamaTouch,test,com.google.android.gm,mobile,All mails in gmail
llamatouch-mobile-0524,llamatouch_test,LlamaTouch,test,com.google.android.calendar,mobile,Open calendar and show me the third week of next month
llamatouch-mobile-0525,llamatouch_test,LlamaTouch,test,com.android.settings,mobile,Open battery settings
llamatouch-mobile-0526,llamatouch_test,LlamaTouch,test,com.android.settings,mobile,See recent photos
llamatouch-mobile-0527,llamatouch_test,LlamaTouch,test,com.android.settings,mobile,Open the mobile data screen to see how much data has been used
llamatouch-mobile-0528,llamatouch_test,LlamaTouch,test,com.android.settings,mobile,Go to privacy settings
llamatouch-mobile-0529,llamatouch_test,LlamaTouch,test,com.android.settings,mobile,Change keyboard looks
llamatouch-mobile-0530,llamatouch_test,LlamaTouch,test,com.android.settings,mobile,Toggle show notifications on the lock screen
llamatouch-mobile-0531,llamatouch_test,LlamaTouch,test,com.google.android.deskclock,mobile,Turn on the 12-hour format for clock
llamatouch-mobile-0532,llamatouch_test,LlamaTouch,test,com.google.android.gm,mobile,Move an email to a new category in the gmail app
llamatouch-mobile-0533,llamatouch_test,LlamaTouch,test,com.android.settings,mobile,Go to network settings
llamatouch-mobile-0534,llamatouch_test,LlamaTouch,test,com.google.android.contacts,mobile,Add a contact in the contacts app
llamatouch-mobile-0535,llamatouch_test,LlamaTouch,test,com.google.android.apps.maps,mobile,Open Maps and search for coffee
llamatouch-mobile-0536,llamatouch_test,LlamaTouch,test,com.android.chrome,mobile,Disable javascript in the chrome app
llamatouch-mobile-0537,llamatouch_test,LlamaTouch,test,com.android.chrome,mobile,Clear history in the chrome app
llamatouch-mobile-0538,llamatouch_test,LlamaTouch,test,com.android.chrome,mobile,Open sync settings in chrome
llamatouch-mobile-0539,llamatouch_test,LlamaTouch,test,com.android.settings,mobile,Turn off improve location accuracy
llamatouch-mobile-0540,llamatouch_test,LlamaTouch,test,com.google.android.deskclock,mobile,Change the clock display to show seconds
llamatouch-mobile-0541,llamatouch_test,LlamaTouch,test,com.google.android.gm,mobile,Star an email in the gmail app
llamatouch-mobile-0542,llamatouch_test,LlamaTouch,test,com.android.settings,mobile,Check out phone information
llamatouch-mobile-0543,llamatouch_test,LlamaTouch,test,com.android.chrome,mobile,Refresh tabs in the chrome app
llamatouch-mobile-0544,llamatouch_test,LlamaTouch,test,com.google.android.deskclock,mobile,Change the clock display to analog
llamatouch-mobile-0545,llamatouch_test,LlamaTouch,test,com.android.settings,mobile,Open accessibility settings
llamatouch-mobile-0546,llamatouch_test,LlamaTouch,test,com.google.android.deskclock,mobile,Set the timer
llamatouch-mobile-0547,llamatouch_test,LlamaTouch,test,com.google.android.gm,mobile,Search for starred emails in the gmail app
llamatouch-mobile-0548,llamatouch_test,LlamaTouch,test,com.android.settings,mobile,Check google app version
llamatouch-mobile-0549,llamatouch_test,LlamaTouch,test,com.google.android.apps.photos,mobile,Turn off notifications in google photos
llamatouch-mobile-0550,llamatouch_test,LlamaTouch,test,com.google.android.calendar,mobile,Do I have any events today?
llamatouch-mobile-0551,llamatouch_test,LlamaTouch,test,com.google.android.youtube,mobile,Show me popular videos on Youtube
llamatouch-mobile-0552,llamatouch_test,LlamaTouch,test,com.google.android.gm,mobile,Turn off notifications settings in the gmail app
llamatouch-mobile-0553,llamatouch_test,LlamaTouch,test,com.google.android.apps.maps,mobile,Delete location history
llamatouch-mobile-0554,llamatouch_test,LlamaTouch,test,com.google.android.apps.maps,mobile,Open the map
llamatouch-mobile-0555,llamatouch_test,LlamaTouch,test,"com.android.vending, com.microsoft.office.excel",mobile,"Open app ""Microsoft Excel"" (install if not already installed), go to login, and select forgot password"
llamatouch-mobile-0556,llamatouch_test,LlamaTouch,test,"com.android.vending, org.mozilla.firefox",mobile,"Open app ""Firefox Browser"" (install if not already installed)"
llamatouch-mobile-0557,llamatouch_test,LlamaTouch,test,"com.android.vending, com.teslacoilsw.launcher",mobile,"Open app ""Nova Launcher"" (install if not already installed) and go to login screen"
llamatouch-mobile-0558,llamatouch_test,LlamaTouch,test,com.android.vending,mobile,"Uninstall ""Microsoft Authenticator"""
llamatouch-mobile-0559,llamatouch_test,LlamaTouch,test,"com.android.vending, com.wbd.stream",mobile,"Open app ""HBO Max: Stream TV & Movies"" (install if not already installed) and go to login screen"
llamatouch-mobile-0560,llamatouch_test,LlamaTouch,test,"com.android.vending, com.booking",mobile,"Install app ""Booking.com: Hotels and more"""
llamatouch-mobile-0561,llamatouch_test,LlamaTouch,test,"com.android.vending, com.particlenews.newsbreak",mobile,"Open app ""NewsBreak: Local News & Alerts"" (install if not already installed) and enter user name: ""switch@outlook.com"" and password: ""fabrics"""
llamatouch-mobile-0562,llamatouch_test,LlamaTouch,test,com.android.vending,mobile,"Install app ""YouTube Kids"""
llamatouch-mobile-0563,llamatouch_test,LlamaTouch,test,"com.android.vending, com.expedia",mobile,"Open app ""Expedia: Hotels, Flights & Car"" (install if not already installed) and enter user name: ""crusader@outlook.com"" and password: ""Toryize"""
llamatouch-mobile-0564,llamatouch_test,LlamaTouch,test,com.android.vending,mobile,"Install app ""Calculator"""
llamatouch-mobile-0565,llamatouch_test,LlamaTouch,test,"com.android.vending, com.duolingo",mobile,"Open app ""Duolingo: language lessons"" (install if not already installed), go to login, and select forgot password"
llamatouch-mobile-0566,llamatouch_test,LlamaTouch,test,"com.android.vending, com.facebook.katana",mobile,"Open app ""Facebook"" (install if not already installed), go to login, and select forgot password"
llamatouch-mobile-0567,llamatouch_test,LlamaTouch,test,com.android.vending,mobile,"Uninstall ""Microsoft Excel"""
llamatouch-mobile-0568,llamatouch_test,LlamaTouch,test,"com.android.vending, com.facebook.katana",mobile,"Open app ""Facebook"" (install if not already installed) and enter user name: ""resultants@gmail.com"" and password: ""earned"""
llamatouch-mobile-0569,llamatouch_test,LlamaTouch,test,"com.android.vending, org.videolan.vlc",mobile,"Search app ""VLC for Android"" in Google Play Store"
llamatouch-mobile-0570,llamatouch_test,LlamaTouch,test,"com.android.vending, com.ebay.mobile",mobile,"Search app ""eBay: The shopping marketplace"" in Google Play Store"
llamatouch-mobile-0571,llamatouch_test,LlamaTouch,test,"com.android.vending, com.mcdonalds.app",mobile,"Open app ""McDonald's"" (install if not already installed) and go to login screen"
llamatouch-mobile-0572,llamatouch_test,LlamaTouch,test,"com.android.vending, com.google.android.apps.messaging",mobile,"Open app ""Messages"" (install if not already installed)"
llamatouch-mobile-0573,llamatouch_test,LlamaTouch,test,com.android.vending,mobile,"Uninstall ""Duolingo: language lessons"""
llamatouch-mobile-0574,llamatouch_test,LlamaTouch,test,com.android.chrome,mobile,Search for the new nike air max shoes on Nike.
llamatouch-mobile-0575,llamatouch_test,LlamaTouch,test,com.android.chrome,mobile,Look up the best rated video games on bestbuy.com
llamatouch-mobile-0576,llamatouch_test,LlamaTouch,test,com.android.chrome,mobile,Show me the best rated coffee table on Ikea
llamatouch-mobile-0577,llamatouch_test,LlamaTouch,test,com.android.chrome,mobile,Search for the best selling books on Target.
llamatouch-mobile-0578,llamatouch_test,LlamaTouch,test,com.android.chrome,mobile,"Add ""usb-c to usb-a"" to the cart on target.com"
llamatouch-mobile-0579,llamatouch_test,LlamaTouch,test,com.android.chrome,mobile,Empty the shopping cart on newegg.com.
llamatouch-mobile-0580,llamatouch_test,LlamaTouch,test,com.android.chrome,mobile,Empty the shopping cart on bestbuy.
llamatouch-mobile-0581,llamatouch_test,LlamaTouch,test,com.android.chrome,mobile,View the shopping cart on amazon.
llamatouch-mobile-0582,llamatouch_test,LlamaTouch,test,com.google.android.calculator,mobile,Open the calculator and perform 2^13
llamatouch-mobile-0583,llamatouch_test,LlamaTouch,test,org.coursera.android,mobile,Set a timer for 20 minutes.
llamatouch-mobile-0584,llamatouch_test,LlamaTouch,test,org.coursera.android,mobile,Search for online Python courses on coursera.
llamatouch-mobile-0585,llamatouch_test,LlamaTouch,test,com.apprope.crosswordpuzzle,mobile,Find a crossword puzzle app and start a new puzzle.
llamatouch-mobile-0586,llamatouch_test,LlamaTouch,test,com.spotify.music,mobile,Create a playlist for a road trip in Spotify.
llamatouch-mobile-0587,llamatouch_test,LlamaTouch,test,com.google.android.apps.maps,mobile,Enable navigation in the Maps app directed me to a supermarket near me.
llamatouch-mobile-0588,llamatouch_test,LlamaTouch,test,com.google.android.apps.books,mobile,Open the e-book reader app and open a new novel.
llamatouch-mobile-0589,llamatouch_test,LlamaTouch,test,com.twitter.android,mobile,Find the latest post of Openai on X.
llamatouch-mobile-0590,llamatouch_test,LlamaTouch,test,com.google.android.apps.podcasts,mobile,"Open the podcast app and subscribe to the ""This Week in Tech"" podcast."
llamatouch-mobile-0591,llamatouch_test,LlamaTouch,test,com.google.android.apps.magazines,mobile,Open the news app and explore articles on sustainable living.
llamatouch-mobile-0592,llamatouch_test,LlamaTouch,test,com.duolingo,mobile,Practice pronunciation in French in Duolingo.
llamatouch-mobile-0593,llamatouch_test,LlamaTouch,test,com.twitter.android,mobile,Set a daily screen time limit for X and receive a notification when reached.
llamatouch-mobile-0594,llamatouch_test,LlamaTouch,test,com.google.android.calendar,mobile,Set an event for a haircut on Friday.
llamatouch-mobile-0595,llamatouch_test,LlamaTouch,test,com.google.android.apps.photos,mobile,Open the photo editing app and apply a vintage filter to a picture.
llamatouch-mobile-0596,llamatouch_test,LlamaTouch,test,com.google.android.keep,mobile,"Open the ""Google Keep"" (install it if there is not) and create a shopping list."
llamatouch-mobile-0597,llamatouch_test,LlamaTouch,test,com.google.android.apps.books,mobile,"Open the ""Play Books"" app and explore recommended books in the mystery genre."
llamatouch-mobile-0598,llamatouch_test,LlamaTouch,test,com.realbyteapps.moneymanagerfree,mobile,"Open the ""Money Manager"" and record a $1500 income to my account."
llamatouch-mobile-0599,llamatouch_test,LlamaTouch,test,bbc.mobile.news.ww,mobile,Explore latest articles about China on BBC.
llamatouch-mobile-0600,llamatouch_test,LlamaTouch,test,com.spotify.music,mobile,Open Spotify and play The Blue Danube Waltz.
llamatouch-mobile-0601,llamatouch_test,LlamaTouch,test,com.twitter.android,mobile,Follow Yann LeCun on X.
llamatouch-mobile-0602,llamatouch_test,LlamaTouch,test,com.spotify.music,mobile,"Like the song ""aruarian dance"" on Spotify."
llamatouch-mobile-0603,llamatouch_test,LlamaTouch,test,com.android.settings,mobile,Set the system to a dark theme
llamatouch-mobile-0604,llamatouch_test,LlamaTouch,test,com.spotify.music,mobile,Play my favorite song on Spotify
llamatouch-mobile-0605,llamatouch_test,LlamaTouch,test,com.google.android.youtube,mobile,Open the youtube and subscribe to Hung-yi Lee
llamatouch-mobile-0606,llamatouch_test,LlamaTouch,test,com.coffeebeanventures.easyvoicerecorder,mobile,Start recording in Easy Voice Recorder
llamatouch-mobile-0607,llamatouch_test,LlamaTouch,test,com.android.settings,mobile,Start screen recording
llamatouch-mobile-0608,llamatouch_test,LlamaTouch,test,com.google.android.apps.messaging,mobile,Write a message to 12345678
llamatouch-mobile-0609,llamatouch_test,LlamaTouch,test,com.twitter.android,mobile,Check my inbox on X.
llamatouch-mobile-0610,llamatouch_test,LlamaTouch,test,com.google.android.youtube,mobile,Check my subscription update on youtube.
llamatouch-mobile-0611,llamatouch_test,LlamaTouch,test,com.google.android.youtube,mobile,Open the youtube and watch the short video.
llamatouch-mobile-0612,llamatouch_test,LlamaTouch,test,com.google.android.deskclock,mobile,Trace Tokyo time on clock app.
llamatouch-mobile-0613,llamatouch_test,LlamaTouch,test,com.android.camera2,mobile,Open the camera app and take a photo.
llamatouch-mobile-0614,llamatouch_test,LlamaTouch,test,com.google.android.calendar,mobile,Set a daily reminder to drink water.
llamatouch-mobile-0615,llamatouch_test,LlamaTouch,test,com.amazon.mShop.android.shopping,mobile,Open the Amazon app and track my recent orders.
llamatouch-mobile-0616,llamatouch_test,LlamaTouch,test,com.twitter.android,mobile,Open the X app and check my notifications
llamatouch-mobile-0617,llamatouch_test,LlamaTouch,test,com.instagram.android,mobile,Register an account on instagram.
llamatouch-mobile-0618,llamatouch_test,LlamaTouch,test,com.expedia,mobile,"Find and book a hotel room for 2 travellers in Tokyo for the nights of April 15th to April 20th, with free Wi-Fi and pool on Expedia."
llamatouch-mobile-0619,llamatouch_test,LlamaTouch,test,com.expedia,mobile,"Book a round-trip flight from New York to Paris, departing on May 5th and returning on May 15th on Expedia."
llamatouch-mobile-0620,llamatouch_test,LlamaTouch,test,com.expedia,mobile,"Reserve a rental car in Los Angeles from June 1st to June 7th, with a budget of up to $60 per day on Expedia."
llamatouch-mobile-0621,llamatouch_test,LlamaTouch,test,com.expedia,mobile,Explore things to do in Vienna for the last week of December on Expedia.
llamatouch-mobile-0622,llamatouch_test,LlamaTouch,test,com.yelp.android,mobile,Locate and explore a highly-rated seafood restaurant in Lisbon for dinner on Yelp.
llamatouch-mobile-0623,llamatouch_test,LlamaTouch,test,com.reddit.frontpage,mobile,Subscribe to the subreddit r/science and set community alerts to frequent on Reddit.
llamatouch-mobile-0624,llamatouch_test,LlamaTouch,test,com.reddit.frontpage,mobile,Find and display the hottest post from r/worldnews on Reddit.
llamatouch-mobile-0625,llamatouch_test,LlamaTouch,test,com.reddit.frontpage,mobile,Search for all posts related to SpaceX launches last month in the r/space subreddit on Reddit.
llamatouch-mobile-0626,llamatouch_test,LlamaTouch,test,us.zoom.videomeetings,mobile,Schedule a meeting for 30 minutes on March 30th at 2 PM with title 'regular meeting' on Zoom
llamatouch-mobile-0627,llamatouch_test,LlamaTouch,test,us.zoom.videomeetings,mobile,Start a quick meeting on Zoom and copy invite link.
llamatouch-mobile-0628,llamatouch_test,LlamaTouch,test,us.zoom.videomeetings,mobile,Start a quick meeting on Zoom and mute my microphone.
llamatouch-mobile-0629,llamatouch_test,LlamaTouch,test,us.zoom.videomeetings,mobile,"In Zoom, send myself a message with the text 'Hello, World!' on Team Chat."
llamatouch-mobile-0630,llamatouch_test,LlamaTouch,test,com.cnn.mobile.android.phone,mobile,Customize my news feed to alert breaking news and US Politics on CNN app.
llamatouch-mobile-0631,llamatouch_test,LlamaTouch,test,com.cnn.mobile.android.phone,mobile,Find and bookmark an article about the latest developments in electric vehicles on CNN app.
llamatouch-mobile-0632,llamatouch_test,LlamaTouch,test,com.google.android.keep,mobile,Archive note 'shopping list' on Google Keep Notes app.
llamatouch-mobile-0633,llamatouch_test,LlamaTouch,test,com.google.android.keep,mobile,Set a reminder for my dentist appointment on March 28th at 2 PM using Google Keep Notes app.
llamatouch-mobile-0634,llamatouch_test,LlamaTouch,test,com.google.android.keep,mobile,Create a new note titled 'Daily Issues' on Google Keep Notes app.
llamatouch-mobile-0635,llamatouch_test,LlamaTouch,test,com.walmart.android,mobile,Find the best deals on LED TVs on the Walmart app.
llamatouch-mobile-0636,llamatouch_test,LlamaTouch,test,com.walmart.android,mobile,"Add an shopping address to 1625 Plymouth St, Mountain View, CA 94043 with name 'Ian Agent' and phone number 4086414927 on the Walmart app."
llamatouch-mobile-0637,llamatouch_test,LlamaTouch,test,com.walmart.android,mobile,Check the availability of organic apples at my local Walmart store using the Walmart app.
llamatouch-mobile-0638,llamatouch_test,LlamaTouch,test,com.facebook.katana,mobile,Update my Facebook profile picture to a photo I took using the Facebook app.
llamatouch-mobile-0639,llamatouch_test,LlamaTouch,test,com.facebook.katana,mobile,Turn on privacy settings to make my profile visible only to friends on the Facebook app.
llamatouch-mobile-0640,llamatouch_test,LlamaTouch,test,com.facebook.katana,mobile,Search for and join openai group on the Facebook app.
llamatouch-mobile-0641,llamatouch_test,LlamaTouch,test,com.facebook.katana,mobile,Create a new post 'Hello World' on the Facebook app.
llamatouch-mobile-0642,llamatouch_test,LlamaTouch,test,com.facebook.katana,mobile,Follow OpenAI's Facebook page and like it's latest post using the Facebook app.
llamatouch-mobile-0643,llamatouch_test,LlamaTouch,test,com.facebook.katana,mobile,Update my Facebook bio with 'Hello World' on Facebook app.
llamatouch-mobile-0644,llamatouch_test,LlamaTouch,test,com.dd.doordash,mobile,Find and order a vegetarian pizza from the highest-rated restaurant in my area on DoorDash app.
llamatouch-mobile-0645,llamatouch_test,LlamaTouch,test,com.dd.doordash,mobile,"Update my delivery address to 555 California St #200, San Francisco, CA on DoorDash app."
llamatouch-mobile-0646,llamatouch_test,LlamaTouch,test,com.cbssports.appchef,mobile,Set my favorite NFL team as the Patriots to get personalized news and game updates on the CBS Sports app.
llamatouch-mobile-0647,llamatouch_test,LlamaTouch,test,com.cbssports.appchef,mobile,Find the schedule and scores for all NBA games happened on March 10th on the CBS Sports app.
llamatouch-mobile-0648,llamatouch_test,LlamaTouch,test,com.amazon.mShop.android.shopping,mobile,Read customer reviews for a 4K television on the Amazon Shopping app.
llamatouch-mobile-0649,llamatouch_test,LlamaTouch,test,com.amazon.mShop.android.shopping,mobile,Create a new list titled 'Birthday Gifts' and add a birthday card to it on the Amazon Shopping app.
llamatouch-mobile-0650,llamatouch_test,LlamaTouch,test,com.particlenews.newsbreak,mobile,Compare prices of different sellers' Iphone 12 on the Amazon Shopping app.
llamatouch-mobile-0651,llamatouch_test,LlamaTouch,test,com.particlenews.newsbreak,mobile,Customize my news feed on NewsBreak app to add world news and tech updates.
llamatouch-mobile-0652,llamatouch_test,LlamaTouch,test,com.particlenews.newsbreak,mobile,Follow Los Angeles's weather channel to stay updated on weather on the NewsBreak app.
llamatouch-mobile-0653,llamatouch_test,LlamaTouch,test,com.ubercab,mobile,Plan my ride from Google LLC to San Francisco international airport with UberXL selected on Uber app.
llamatouch-mobile-0654,llamatouch_test,LlamaTouch,test,org.coursera.android,mobile,Audit the course 'Generative AI for Everyone' by DeepLearning.AI starting today on the Coursera app.
llamatouch-mobile-0655,llamatouch_test,LlamaTouch,test,org.coursera.android,mobile,Find all upcoming courses related to Data Science at beginner level on the Coursera app.
llamatouch-mobile-0656,llamatouch_test,LlamaTouch,test,org.coursera.android,mobile,"Download the first video lecture for the 'Algorithms, Part I' course to watch offline on the Coursera app."
llamatouch-mobile-0657,llamatouch_test,LlamaTouch,test,org.coursera.android,mobile,"Visit the forums for the 'Algorithms, Part I' course and go to discussion for Week 1 on Coursera."
llamatouch-mobile-0658,llamatouch_test,LlamaTouch,test,com.emn8.m8.mtiapp.app.id000087,mobile,Find the nearest Burger King location to my current position and show me the operating hours on the Burger King app.
llamatouch-mobile-0659,llamatouch_test,LlamaTouch,test,com.emn8.m8.mtiapp.app.id000087,mobile,Order a Whopper meal with small combo for pickup using the Burger King app.
llamatouch-mobile-0660,llamatouch_test,LlamaTouch,test,com.emn8.m8.mtiapp.app.id000087,mobile,Set the whopper with small combo in cart as my favorite meal combination to my account on the Burger King app
llamatouch-mobile-0661,llamatouch_test,LlamaTouch,test,com.discord,mobile,Create a new server named 'Agent Env' on the Discord app.
llamatouch-mobile-0662,llamatouch_test,LlamaTouch,test,com.discord,mobile,Join the voice channel 'Gaming' in agentian's server on Discord app.
llamatouch-mobile-0663,llamatouch_test,LlamaTouch,test,com.discord,mobile,Send text 'Hello World' in text channel 'general' of agentian's server on Discord app.
llamatouch-mobile-0664,llamatouch_test,LlamaTouch,test,com.discord,mobile,Create a new private text channel 'Testbed' in agentian's server on Discord app.
llamatouch-mobile-0665,llamatouch_test,LlamaTouch,test,com.discord,mobile,Delete voice channel Lobby in agentian's server on Discord app.
llamatouch-mobile-0666,llamatouch_test,LlamaTouch,test,com.discord,mobile,Copy my invitaion link for new friend request on Discord app.
llamatouch-mobile-0667,llamatouch_test,LlamaTouch,test,com.amazon.avod.thirdpartyclient,mobile,Search for the movie 'Inception' and add it to my watchlist on the Amazon Prime Video app.
llamatouch-mobile-0668,llamatouch_test,LlamaTouch,test,com.amazon.avod.thirdpartyclient,mobile,Start playing the movie 'Kung Fu Panda' on my device using the Amazon Prime Video app.
llamatouch-mobile-0669,llamatouch_test,LlamaTouch,test,com.amazon.avod.thirdpartyclient,mobile,Explore Freevee TV shows in Anime genre on Amazon Prime Video app.
llamatouch-mobile-0670,llamatouch_test,LlamaTouch,test,com.duolingo,mobile,Claim my daily reward on Duolingo app.
llamatouch-mobile-0671,llamatouch_test,LlamaTouch,test,com.duolingo,mobile,Turn off notification by SMS reminder on the Duolingo app.
llamatouch-mobile-0672,llamatouch_test,LlamaTouch,test,com.google.android.apps.docs,mobile,Upload the latest photo from my device to a new folder named 'Selfie2024' on Google Drive app.
llamatouch-mobile-0673,llamatouch_test,LlamaTouch,test,com.google.android.apps.docs,mobile,"Share the 'Testbed' spreadsheet on Google Drive by copy link, make sure anyone with the link can view."
llamatouch-mobile-0674,llamatouch_test,LlamaTouch,test,com.discord,mobile,Withdraw the permission of the Discord app to use data to customize my Discord experience.
llamatouch-mobile-0675,llamatouch_test,LlamaTouch,test,com.discord,mobile,Set my DM Spam filter to 'Do not filter direct messages' on Discord app.
llamatouch-mobile-0676,llamatouch_test,LlamaTouch,test,com.discord,mobile,Add my status as 'working' for duration in 1 hour on Discord app.
llamatouch-mobile-0677,llamatouch_test,LlamaTouch,test,com.discord,mobile,Upload my latest picture as server icon of agentian's server on Discord app.
llamatouch-mobile-0678,llamatouch_test,LlamaTouch,test,com.twitter.android,mobile,Check latest trendings in X app.
llamatouch-mobile-0679,llamatouch_test,LlamaTouch,test,com.twitter.android,mobile,Upload my avatar on X app using my latest picture on device.
llamatouch-mobile-0680,llamatouch_test,LlamaTouch,test,com.twitter.android,mobile,Bookmark latest post from OpenAI on X app.
llamatouch-mobile-0681,llamatouch_test,LlamaTouch,test,com.twitter.android,mobile,Check posts from my bookmark on X app.
llamatouch-mobile-0682,llamatouch_test,LlamaTouch,test,com.discord,mobile,Turn off 'Allow direct messages from server members' on Discord app.
llamatouch-mobile-0683,llamatouch_test,LlamaTouch,test,com.dd.doordash,mobile,Search for Korean food on DoorDash app.
llamatouch-mobile-0684,llamatouch_test,LlamaTouch,test,com.dd.doordash,mobile,Clear my cart on DoorDash app.
llamatouch-mobile-0685,llamatouch_test,LlamaTouch,test,com.dd.doordash,mobile,Check available coffee under 30 min on DoorDash app.
llamatouch-mobile-0686,llamatouch_test,LlamaTouch,test,com.amazon.avod.thirdpartyclient,mobile,Clear my watchlist on Amazon Prime TV.
llamatouch-mobile-0687,llamatouch_test,LlamaTouch,test,com.amazon.avod.thirdpartyclient,mobile,Check live TV for News on Amazon Prime TV.
llamatouch-mobile-0688,llamatouch_test,LlamaTouch,test,com.amazon.avod.thirdpartyclient,mobile,Search for the movie 'Ghost in the Shell' and click Like on Amazon Prime TV.
llamatouch-mobile-0689,llamatouch_test,LlamaTouch,test,com.yelp.android,mobile,Search for the best Korean restaurant near me on Yelp.
llamatouch-mobile-0690,llamatouch_test,LlamaTouch,test,com.yelp.android,mobile,Search for barber shop near me on Yelp.
llamatouch-mobile-0691,llamatouch_test,LlamaTouch,test,com.particlenews.newsbreak,mobile,Check latest local news on Newsbreak app.
llamatouch-mobile-0692,llamatouch_test,LlamaTouch,test,com.particlenews.newsbreak,mobile,Open comments of latest world news on NewsBreak.
llamatouch-mobile-0693,llamatouch_test,LlamaTouch,test,com.particlenews.newsbreak,mobile,Check my notification box on NewsBreak and open the first article.
llamatouch-mobile-0694,llamatouch_test,LlamaTouch,test,com.amazon.mShop.android.shopping,mobile,Create a new shopping list 'electronic' for my personal account on Amazon Shopping app.
llamatouch-mobile-0695,llamatouch_test,LlamaTouch,test,com.amazon.mShop.android.shopping,mobile,Check my recent order status on Amazon Shopping app.
llamatouch-mobile-0696,llamatouch_test,LlamaTouch,test,com.amazon.mShop.android.shopping,mobile,Find a grocery store and choose 'shop for pickup' near me at Amazon Shopping app.
llamatouch-mobile-0697,llamatouch_test,LlamaTouch,test,com.amazon.mShop.android.shopping,mobile,Add a new address using my current location and phone number 4086414927 on Amazon Shopping app.
llamatouch-mobile-0698,llamatouch_test,LlamaTouch,test,com.amazon.mShop.android.shopping,mobile,Add the nearest pickup location to my address book on Amazon Shopping app.
llamatouch-mobile-0699,llamatouch_test,LlamaTouch,test,com.particlenews.newsbreak,mobile,Reset text size to Large on NewsBreak app.
llamatouch-mobile-0700,llamatouch_test,LlamaTouch,test,com.particlenews.newsbreak,mobile,Show my primary location on NewsBreak app.
llamatouch-mobile-0701,llamatouch_test,LlamaTouch,test,com.particlenews.newsbreak,mobile,Open my latest saved news acticle on NewsBreak app and check comments.
llamatouch-mobile-0702,llamatouch_test,LlamaTouch,test,com.particlenews.newsbreak,mobile,View the full report of Crime map on NewsBreak app.
llamatouch-mobile-0703,llamatouch_test,LlamaTouch,test,com.particlenews.newsbreak,mobile,Add topic 'Real Estate' to my top tabs on NewsBreak app.
llamatouch-mobile-0704,llamatouch_test,LlamaTouch,test,com.particlenews.newsbreak,mobile,Switch to category 'Real Estate' and open the first article on NewsBreak app.
llamatouch-mobile-0705,llamatouch_test,LlamaTouch,test,com.walmart.android,mobile,Reset my store as 'Santa Clara Neighborhood Market' on Walmart app.
llamatouch-mobile-0706,llamatouch_test,LlamaTouch,test,com.walmart.android,mobile,Add organic milk to my cart for pickup tomorrow on Walmart app.
llamatouch-mobile-0707,llamatouch_test,LlamaTouch,test,com.walmart.android,mobile,Add eggs to my cart on Walmart app.
llamatouch-mobile-0708,llamatouch_test,LlamaTouch,test,com.walmart.android,mobile,Create a new list 'weekly grocery' on Walmart app.
llamatouch-mobile-0709,llamatouch_test,LlamaTouch,test,com.walmart.android,mobile,Add item 'chicken breast' to my list 'weekly grocery' on Walmart app.
llamatouch-mobile-0710,llamatouch_test,LlamaTouch,test,com.walmart.android,mobile,Check my cart on Walmart app.
llamatouch-mobile-0711,llamatouch_test,LlamaTouch,test,com.walmart.android,mobile,Remove all items in my cart on Walmart app.
llamatouch-mobile-0712,llamatouch_test,LlamaTouch,test,com.walmart.android,mobile,"In page 'Services', view Store map for my store on Walmart app."
llamatouch-mobile-0713,llamatouch_test,LlamaTouch,test,com.walmart.android,mobile,View my purchase history on Walmart app.
llamatouch-mobile-0714,llamatouch_test,LlamaTouch,test,com.quora.android,mobile,Search for the top-rated answers to the question 'What are some of the best ways to learn programming?' on the Quora app.
llamatouch-mobile-0715,llamatouch_test,LlamaTouch,test,com.quora.android,mobile,"On space page, view all spaces I might like on the Quora app."
llamatouch-mobile-0716,llamatouch_test,LlamaTouch,test,com.quora.android,mobile,Write a new post 'Hello World' on the Quora app.
llamatouch-mobile-0717,llamatouch_test,LlamaTouch,test,com.quora.android,mobile,Search for all contents related to AI on the Quora app.
llamatouch-mobile-0718,llamatouch_test,LlamaTouch,test,com.quora.android,mobile,"In page 'Following', check latest posts and click the first one on the Quora app."
llamatouch-mobile-0719,llamatouch_test,LlamaTouch,test,com.quora.android,mobile,Check my notification on the Quora app.
llamatouch-mobile-0720,llamatouch_test,LlamaTouch,test,com.quora.android,mobile,Go to Adam D'Angelo's profile and follow him on the Quora app.
llamatouch-mobile-0721,llamatouch_test,LlamaTouch,test,com.quora.android,mobile,"On the Quora app, go to my space and visit space 'History' for latest posts."
llamatouch-mobile-0722,llamatouch_test,LlamaTouch,test,com.quora.android,mobile,Upvote all contents I've bookmarked on the Quora app.
llamatouch-mobile-0723,llamatouch_test,LlamaTouch,test,com.quora.android,mobile,Follow the question 'What is computer science' on the Quora app.
llamatouch-mobile-0724,llamatouch_test,LlamaTouch,test,com.quora.android,mobile,"On Quora app, Search and go to topic 'Economics', then go to answers in this topic ."
llamatouch-mobile-0725,llamatouch_test,LlamaTouch,test,com.quora.android,mobile,Check the log of latest answer I've bookmarked on Quora app.
llamatouch-mobile-0726,llamatouch_test,LlamaTouch,test,com.quora.android,mobile,Go to 'Your content & stats' on Quora app.
llamatouch-mobile-0727,llamatouch_test,LlamaTouch,test,com.crunchyroll.crunchyroid,mobile,Create a new crunchylist 'weekly list' on the Crunchyroll app.
llamatouch-mobile-0728,llamatouch_test,LlamaTouch,test,com.crunchyroll.crunchyroid,mobile,Find and add the anime series 'Attack on Titan' to my crunchylist 'weekly list' on the Crunchyroll app.
llamatouch-mobile-0729,llamatouch_test,LlamaTouch,test,com.crunchyroll.crunchyroid,mobile,Find and mark the anime series 'Classroom of the Elite' as 'watched' on the Crunchyroll app.
llamatouch-mobile-0730,llamatouch_test,LlamaTouch,test,com.crunchyroll.crunchyroid,mobile,Start watching the first episode of 'Cowboy bebop' on the Crunchyroll app.
llamatouch-mobile-0731,llamatouch_test,LlamaTouch,test,com.crunchyroll.crunchyroid,mobile,Set my Subtitles/CC Language as Italiano for my account on the Crunchyroll app.
llamatouch-mobile-0732,llamatouch_test,LlamaTouch,test,com.crunchyroll.crunchyroid,mobile,Check notification for my account on the Crunchyroll app.
llamatouch-mobile-0733,llamatouch_test,LlamaTouch,test,com.crunchyroll.crunchyroid,mobile,Rate the anime 'Demon Slayer' with four stars on the Crunchyroll app.
llamatouch-mobile-0734,llamatouch_test,LlamaTouch,test,com.crunchyroll.crunchyroid,mobile,Set Audio Language preferences as Japanese for my account on the Crunchyroll app.
llamatouch-mobile-0735,llamatouch_test,LlamaTouch,test,com.crunchyroll.crunchyroid,mobile,Browse for the most popular anime of romance genre on the Crunchyroll app.
llamatouch-mobile-0736,llamatouch_test,LlamaTouch,test,com.crunchyroll.crunchyroid,mobile,Check comments of the 10th episode of 'Frieren: Beyound Journey's End' on the Crunchyroll app.
llamatouch-mobile-0737,llamatouch_test,LlamaTouch,test,com.cbssports.appchef,mobile,Check today's top headline on CBS Sports app and read the first one.
llamatouch-mobile-0738,llamatouch_test,LlamaTouch,test,com.cbssports.appchef,mobile,Turn to page 'watch' and show me closest upcoming event on CBS Sport app.
llamatouch-mobile-0739,llamatouch_test,LlamaTouch,test,com.cbssports.appchef,mobile,"On CBS Sport app, turn to pick page, open the first pick on Top Picks, and check its odd."
llamatouch-mobile-0740,llamatouch_test,LlamaTouch,test,com.evernote,mobile,Open the Evernote app on the device.
llamatouch-mobile-0741,llamatouch_test,LlamaTouch,test,com.evernote,mobile,Create a new note in Evernote.
llamatouch-mobile-0742,llamatouch_test,LlamaTouch,test,com.evernote,mobile,Open the Evernote app and navigate to the 'Customize' menu.
llamatouch-mobile-0743,llamatouch_test,LlamaTouch,test,com.evernote,mobile,Open the Evernote app and add 'My Tasks' to the current widegts in the 'Customize' menu.
llamatouch-mobile-0744,llamatouch_test,LlamaTouch,test,com.evernote,mobile,Insert a 'CheckBox' into a note in Evernote.
llamatouch-mobile-0745,llamatouch_test,LlamaTouch,test,com.evernote,mobile,Open the Evernote app and use the To-Do-List template in the first note.
llamatouch-mobile-0746,llamatouch_test,LlamaTouch,test,com.evernote,mobile,Open one note in the Evernote app and make it available offlline.
llamatouch-mobile-0747,llamatouch_test,LlamaTouch,test,com.evernote,mobile,View the 'Tasks' list in the Evernote app.
llamatouch-mobile-0748,llamatouch_test,LlamaTouch,test,com.evernote,mobile,Delete a note from Evernote.
llamatouch-mobile-0749,llamatouch_test,LlamaTouch,test,com.evernote,mobile,Open the settings page in the Evernote app.
llamatouch-mobile-0750,llamatouch_test,LlamaTouch,test,com.evernote,mobile,Open Evernote app and turn on the dark mode.
llamatouch-mobile-0751,llamatouch_test,LlamaTouch,test,com.evernote,mobile,Open Evernote app and view the 'Tags' list.
llamatouch-mobile-0752,llamatouch_test,LlamaTouch,test,com.evernote,mobile,Log out of the Evernote account on the device.
llamatouch-mobile-0753,llamatouch_test,LlamaTouch,test,com.google.android.youtube,mobile,"Open YouTube, search for openai and subscribe it"
llamatouch-mobile-0754,llamatouch_test,LlamaTouch,test,com.google.android.youtube,mobile,"Open YouTube, visit the 'Subscriptions' tab, view content from the openai"
llamatouch-mobile-0755,llamatouch_test,LlamaTouch,test,com.google.android.youtube,mobile,"Open YouTube, enter 'History'"
llamatouch-mobile-0756,llamatouch_test,LlamaTouch,test,com.google.android.youtube,mobile,"Open YouTube, check out the 'Shorts' section, play any short video"
llamatouch-mobile-0757,llamatouch_test,LlamaTouch,test,com.google.android.youtube,mobile,"Open YouTube, go to Notifications"
llamatouch-mobile-0758,llamatouch_test,LlamaTouch,test,com.google.android.youtube,mobile,"Open YouTube, go to 'My Channel', view the 'More info"""
llamatouch-mobile-0759,llamatouch_test,LlamaTouch,test,com.google.android.youtube,mobile,"Open YouTube, checkout trending"
llamatouch-mobile-0760,llamatouch_test,LlamaTouch,test,com.google.android.youtube,mobile,"Open YouTube, check Time watched"
llamatouch-mobile-0761,llamatouch_test,LlamaTouch,test,com.google.android.youtube,mobile,"Open YouTube, go to 'Help'"
llamatouch-mobile-0762,llamatouch_test,LlamaTouch,test,com.google.android.youtube,mobile,"Open YouTube, go to 'Help', search for 'how to upload a video'"
llamatouch-mobile-0763,llamatouch_test,LlamaTouch,test,com.google.android.youtube,mobile,"Open YouTube, go to 'Live'"
llamatouch-mobile-0764,llamatouch_test,LlamaTouch,test,com.google.android.youtube,mobile,"Open YouTube, go to 'Podcasts'"
llamatouch-mobile-0765,llamatouch_test,LlamaTouch,test,com.reddit.frontpage,mobile,"Open Reddit, search for the 'technology' subreddit, and access it."
llamatouch-mobile-0766,llamatouch_test,LlamaTouch,test,com.reddit.frontpage,mobile,"Open Reddit, search for the 'technology' subreddit and aceess to Communities."
llamatouch-mobile-0767,llamatouch_test,LlamaTouch,test,com.reddit.frontpage,mobile,"Open Reddit, search for the 'technology' subreddit and aceess to Media."
llamatouch-mobile-0768,llamatouch_test,LlamaTouch,test,com.reddit.frontpage,mobile,"Open Reddit, navigate to your Home feed and select Latest."
llamatouch-mobile-0769,llamatouch_test,LlamaTouch,test,com.reddit.frontpage,mobile,"Open Reddit, navigate to the Communities."
llamatouch-mobile-0770,llamatouch_test,LlamaTouch,test,com.reddit.frontpage,mobile,"Open Reddit, navigate to the Communities, search for openai and join."
llamatouch-mobile-0771,llamatouch_test,LlamaTouch,test,com.reddit.frontpage,mobile,"Open Reddit, navigate to create a community."
llamatouch-mobile-0772,llamatouch_test,LlamaTouch,test,com.reddit.frontpage,mobile,"Open Reddit, navigate to Inbox."
llamatouch-mobile-0773,llamatouch_test,LlamaTouch,test,com.reddit.frontpage,mobile,"Open Reddit, navigate to Notifications setting."
llamatouch-mobile-0774,llamatouch_test,LlamaTouch,test,com.reddit.frontpage,mobile,"Open Reddit, navigate to Chat."
llamatouch-mobile-0775,llamatouch_test,LlamaTouch,test,com.reddit.frontpage,mobile,"Open Reddit, navigate to Chat and explore channels."
llamatouch-mobile-0776,llamatouch_test,LlamaTouch,test,com.reddit.frontpage,mobile,"Open Reddit, check my profile."
llamatouch-mobile-0777,llamatouch_test,LlamaTouch,test,com.reddit.frontpage,mobile,"Open Reddit, go to setting."
llamatouch-mobile-0778,llamatouch_test,LlamaTouch,test,com.reddit.frontpage,mobile,"Open Reddit, go to history."
llamatouch-mobile-0779,llamatouch_test,LlamaTouch,test,com.espn.score_center,mobile,"Open ESPN, go to setting"
llamatouch-mobile-0780,llamatouch_test,LlamaTouch,test,com.espn.score_center,mobile,"Open ESPN, go to setting and turn on captions."
llamatouch-mobile-0781,llamatouch_test,LlamaTouch,test,com.espn.score_center,mobile,"Open ESPN, go to setting and check account details."
llamatouch-mobile-0782,llamatouch_test,LlamaTouch,test,com.espn.score_center,mobile,"Open ESPN, search nba."
llamatouch-mobile-0783,llamatouch_test,LlamaTouch,test,com.espn.score_center,mobile,"Open ESPN, navigate to Scores."
llamatouch-mobile-0784,llamatouch_test,LlamaTouch,test,com.espn.score_center,mobile,"Open ESPN, remove nba Lakers from your favourite team."
llamatouch-mobile-0785,llamatouch_test,LlamaTouch,test,com.espn.score_center,mobile,"Open ESPN, add nba Lakers to your favourite team."
llamatouch-mobile-0786,llamatouch_test,LlamaTouch,test,com.espn.score_center,mobile,"Open ESPN, add LeBron James to my favourite player."
llamatouch-mobile-0787,llamatouch_test,LlamaTouch,test,com.espn.score_center,mobile,"Open ESPN, add MLB to your favourite leagues."
llamatouch-mobile-0788,llamatouch_test,LlamaTouch,test,com.espn.score_center,mobile,"Open ESPN, navigate to nba news."
llamatouch-mobile-0789,llamatouch_test,LlamaTouch,test,com.pinterest,mobile,Open the Pinterest app on the device.
llamatouch-mobile-0790,llamatouch_test,LlamaTouch,test,com.pinterest,mobile,"Search for ""interior design ideas"" on Pinterest."
llamatouch-mobile-0791,llamatouch_test,LlamaTouch,test,com.pinterest,mobile,"Open Pinterest and search a user named ""Wendy's Lookbook"" and follow the user."
llamatouch-mobile-0792,llamatouch_test,LlamaTouch,test,com.pinterest,mobile,Navigate to the settings menu in Piniterest.
llamatouch-mobile-0793,llamatouch_test,LlamaTouch,test,com.pinterest,mobile,"Create a new board named ""DIY Crafts"" on Pinterest."
llamatouch-mobile-0794,llamatouch_test,LlamaTouch,test,com.pinterest,mobile,Open Pinterest and copy the link of a pin from the 'Home' page.
llamatouch-mobile-0795,llamatouch_test,LlamaTouch,test,com.pinterest,mobile,Open Pinterest and save a pin from the 'Home' page to your Profile.
llamatouch-mobile-0796,llamatouch_test,LlamaTouch,test,com.pinterest,mobile,Open Pinterest and view the comments of a pin from the 'Home' page.
llamatouch-mobile-0797,llamatouch_test,LlamaTouch,test,com.pinterest,mobile,Open Pinterest and view your own pin list.
llamatouch-mobile-0798,llamatouch_test,LlamaTouch,test,com.pinterest,mobile,Open Pinterest and open your own profile page.
llamatouch-mobile-0799,llamatouch_test,LlamaTouch,test,com.pinterest,mobile,"Open Pinterest, open your own profile page and copy the shared link of yourself."
llamatouch-mobile-0800,llamatouch_test,LlamaTouch,test,com.pinterest,mobile,"Open Pinterest, open your own profile page and view your following list."
llamatouch-mobile-0801,llamatouch_test,LlamaTouch,test,com.pinterest,mobile,Open Pinterst and refresh the 'Home' page to see new pins by clicking the 'Home' button again.
llamatouch-mobile-0802,llamatouch_test,LlamaTouch,test,com.pinterest,mobile,Open Pinterest and open one of your own board.
llamatouch-mobile-0803,llamatouch_test,LlamaTouch,test,com.pinterest,mobile,View 'Updates' in the 'Notifications' page in Pinterest.
llamatouch-mobile-0804,llamatouch_test,LlamaTouch,test,com.pinterest,mobile,View 'Inbox' in the 'Notifications' page in Pinterest.
llamatouch-mobile-0805,llamatouch_test,LlamaTouch,test,com.pinterest,mobile,Filter 'Updates' notifications by 'Comments' in the 'Notifications' page in Pinterest.
llamatouch-mobile-0806,llamatouch_test,LlamaTouch,test,com.pinterest,mobile,Open Pinterest and set your profile visibility to 'Private profile' in the settings menu.
llamatouch-mobile-0807,llamatouch_test,LlamaTouch,test,com.pinterest,mobile,"Open Pinterest and search ""DIY"" in your own board list and open it."
llamatouch-mobile-0808,llamatouch_test,LlamaTouch,test,com.pinterest,mobile,Logout of the Pinterest app.
llamatouch-mobile-0809,llamatouch_test,LlamaTouch,test,com.trello,mobile,Open the Trello app on the device.
llamatouch-mobile-0810,llamatouch_test,LlamaTouch,test,com.trello,mobile,"Open the Trello app and create a new board named ""School""."
llamatouch-mobile-0811,llamatouch_test,LlamaTouch,test,com.trello,mobile,"Open the Trello app and add a new list titled ""To Do"" to the ""School"" board."
llamatouch-mobile-0812,llamatouch_test,LlamaTouch,test,com.trello,mobile,"Open the Trello app, add a new card titled ""Task 1"" to the ""To Do"" list in the ""School"" board."
llamatouch-mobile-0813,llamatouch_test,LlamaTouch,test,com.trello,mobile,"Open the Trello app and archive a list named ""To Do"" in the ""School"" board."
llamatouch-mobile-0814,llamatouch_test,LlamaTouch,test,com.trello,mobile,"Open the Trello app and search the ""Website"" in the home page."
llamatouch-mobile-0815,llamatouch_test,LlamaTouch,test,com.trello,mobile,"Open the Trello app and set a due date for a card in the ""School"" board."
llamatouch-mobile-0816,llamatouch_test,LlamaTouch,test,com.trello,mobile,"Open the Trello app and post a comment on a card saying ""Hello""."
llamatouch-mobile-0817,llamatouch_test,LlamaTouch,test,com.trello,mobile,"Open the Trello app and search for a board by the name ""Team Goals""."
llamatouch-mobile-0818,llamatouch_test,LlamaTouch,test,com.trello,mobile,Open the Trello app and copy the shared link of a board.
llamatouch-mobile-0819,llamatouch_test,LlamaTouch,test,com.trello,mobile,Open the Trello app and view the notification list.
llamatouch-mobile-0820,llamatouch_test,LlamaTouch,test,com.trello,mobile,Open the Trello app and navigate to the 'Settings' page.
llamatouch-mobile-0821,llamatouch_test,LlamaTouch,test,com.trello,mobile,Open the Trello app and switch to the dark theme in the settings.
llamatouch-mobile-0822,llamatouch_test,LlamaTouch,test,com.trello,mobile,"Open the Trello app and create a new board using the ""Basic Board"" template."
llamatouch-mobile-0823,llamatouch_test,LlamaTouch,test,com.trello,mobile,"Open the Trello app,open one board and pin it to the homescreen."
llamatouch-mobile-0824,llamatouch_test,LlamaTouch,test,com.trello,mobile,"Open the Trello app and navigate to the ""Workspace"" menu."
llamatouch-mobile-0825,llamatouch_test,LlamaTouch,test,com.trello,mobile,"Open the Trello app and enable the ""Color blind friendly mode"" in the settings menu."
llamatouch-mobile-0826,llamatouch_test,LlamaTouch,test,com.trello,mobile,"Open the Trello app and view the ""Offline boards"" list."
llamatouch-mobile-0827,llamatouch_test,LlamaTouch,test,com.trello,mobile,Log out of the Trello app.
llamatouch-mobile-0828,llamatouch_test,LlamaTouch,test,com.instagram.android,mobile,"Open the Instagram app and follow an account named ""artem_chek""."
llamatouch-mobile-0829,llamatouch_test,LlamaTouch,test,com.instagram.android,mobile,Open the Instagram app and view the notification list.
llamatouch-mobile-0830,llamatouch_test,LlamaTouch,test,com.instagram.android,mobile,Open the Instagram app and like the first post in the page.
llamatouch-mobile-0831,llamatouch_test,LlamaTouch,test,com.instagram.android,mobile,Open the Instagram app and navigate to your personal profile page.
llamatouch-mobile-0832,llamatouch_test,LlamaTouch,test,com.instagram.android,mobile,"Open the Instagram app, navigate to your personal profile page and view your following list."
llamatouch-mobile-0833,llamatouch_test,LlamaTouch,test,com.instagram.android,mobile,"Open the Instagram app, search for ""#travelgoals"" and follow the hashtag."
llamatouch-mobile-0834,llamatouch_test,LlamaTouch,test,com.instagram.android,mobile,"Open the Instagram app and navigate to ""Settings""."
llamatouch-mobile-0835,llamatouch_test,LlamaTouch,test,com.instagram.android,mobile,"Open the Instagram app, go to ""Settings"" and activate ""Private Account""."
llamatouch-mobile-0836,llamatouch_test,LlamaTouch,test,com.instagram.android,mobile,"Open the Instagram app and edit your profile to add ""Travel Enthusiast"" to your bio."
llamatouch-mobile-0837,llamatouch_test,LlamaTouch,test,com.instagram.android,mobile,Open the Instagram app and view the message list.
llamatouch-mobile-0838,llamatouch_test,LlamaTouch,test,com.evernote,mobile,"Open the Evernote app, navigate to the customize menu and change the background."
llamatouch-mobile-0839,llamatouch_test,LlamaTouch,test,com.evernote,mobile,"Open the Evernote app, navigate to the customize menu and delete 'Notes' from current widgets."
llamatouch-mobile-0840,llamatouch_test,LlamaTouch,test,com.evernote,mobile,"Open the Evernote app, navigate to the customize menu, adjust the position of 'Recently Captured' to the first and save the change."
llamatouch-mobile-0841,llamatouch_test,LlamaTouch,test,com.evernote,mobile,Open the settings menu in the Evernote app and enable the 'Save photos in photo gallery' of the 'Camera'.
llamatouch-mobile-0842,llamatouch_test,LlamaTouch,test,com.evernote,mobile,Open the settings menu in the Evernote app and switch the 'Create button' to a 'Orbs' .
llamatouch-mobile-0843,llamatouch_test,LlamaTouch,test,com.evernote,mobile,Open the settings menu in the Evernote app and synchronize in the 'Sync' .
llamatouch-mobile-0844,llamatouch_test,LlamaTouch,test,com.trello,mobile,Open the Trello app and view the 'Sync queue' list in the settings menu.
llamatouch-mobile-0845,llamatouch_test,LlamaTouch,test,com.trello,mobile,"Open the Trello app and enable the ""Show label names on card front"" in the settings menu."
llamatouch-mobile-0846,llamatouch_test,LlamaTouch,test,com.pinterest,mobile,"Open the Pinterest app, navigate to the 'Saved' page and sort your boards by 'A to Z'."
llamatouch-mobile-0847,llamatouch_test,LlamaTouch,test,com.pinterest,mobile,"Open the Pinterest app, navigate to the 'Saved' page and view the 'Privacy and data' in the settings menu."
llamatouch-mobile-0848,llamatouch_test,LlamaTouch,test,com.pinterest,mobile,"Open the Pinterest app, navigate to the 'Saved' page and view the 'Home feed tuner' in the settings menu."
llamatouch-mobile-0849,llamatouch_test,LlamaTouch,test,com.pinterest,mobile,Navigate to the 'Saved' page in the Pinterst app and view the 'Social permissions' in the settings menu.
llamatouch-mobile-0850,llamatouch_test,LlamaTouch,test,com.pinterest,mobile,"Navigate to the 'Saved' page in the Pinterst app, open the settings menu and enable the 'Filter comments on my Pins' button in the 'Social permissions'."
llamatouch-mobile-0851,llamatouch_test,LlamaTouch,test,com.pinterest,mobile,"Open the Pinterest app, navigate to the 'Saved' page and view the 'Account management' in the settings menu."
llamatouch-mobile-0852,llamatouch_test,LlamaTouch,test,com.instagram.android,mobile,Open the Instagram app on the device.
llamatouch-mobile-0853,llamatouch_test,LlamaTouch,test,com.instagram.android,mobile,Open the Instagram app and follow the user of first post .
llamatouch-mobile-0854,llamatouch_test,LlamaTouch,test,com.instagram.android,mobile,"Open the Instagram app, navigate to your personal profile page and view your 'followers' list."
llamatouch-mobile-0855,llamatouch_test,LlamaTouch,test,com.instagram.android,mobile,"Open the Instagram app, navigate to your personal profile page, go to ""Settings"" and view the ""Blocked"" list."
llamatouch-mobile-0856,llamatouch_test,LlamaTouch,test,com.instagram.android,mobile,"Open the Instagram app, navigate to your personal profile page, go to ""Settings"" and view the ""Close Friends"" list."
llamatouch-mobile-0857,llamatouch_test,LlamaTouch,test,com.instagram.android,mobile,"Open the Instagram app, navigate to your personal profile page, go to ""Settings"" and view the ""Archive"" list."
llamatouch-mobile-0858,llamatouch_test,LlamaTouch,test,us.zoom.videomeetings,mobile,"On Zoom, go to page 'More', and create a new whiteboard."
llamatouch-mobile-0859,llamatouch_test,LlamaTouch,test,us.zoom.videomeetings,mobile,"On Zoom, start my scheduled meeting 'regular meeting' right now."
llamatouch-mobile-0860,llamatouch_test,LlamaTouch,test,us.zoom.videomeetings,mobile,"On Zoom, share my screen using Meeting ID 896 9031 6084."
llamatouch-mobile-0861,llamatouch_test,LlamaTouch,test,us.zoom.videomeetings,mobile,"On Zoom, delete my scheduled meeting 'regular meeting'."
llamatouch-mobile-0862,llamatouch_test,LlamaTouch,test,us.zoom.videomeetings,mobile,"On Zoom, go to page 'More', turn to setting item 'Meetings', and turn on 'Mute my microphone'."
llamatouch-mobile-0863,llamatouch_test,LlamaTouch,test,us.zoom.videomeetings,mobile,"On Zoom, edit my scheduled meeting 'Weekly group meeting', set 'Repeat' to 'Every week'."
llamatouch-mobile-0864,llamatouch_test,LlamaTouch,test,us.zoom.videomeetings,mobile,"On Zoom, edit my scheduled meeting 'Weekly group meeting', turn 'Enable waiting room' on."
llamatouch-mobile-0865,llamatouch_test,LlamaTouch,test,us.zoom.videomeetings,mobile,"On Zoom, turn to page 'Team chat', bookmark my latest message to myself."
llamatouch-mobile-0866,llamatouch_test,LlamaTouch,test,us.zoom.videomeetings,mobile,"On Zoom, turn to page 'Team chat', set a reminder for my latest message to myself in 1 hour."
llamatouch-mobile-0867,llamatouch_test,LlamaTouch,test,com.google.android.apps.books,mobile,"On Play Books, turn to settings and turn off notifications for Recommendations."
llamatouch-mobile-0868,llamatouch_test,LlamaTouch,test,com.google.android.apps.books,mobile,"On Play Books, turn to page 'Library' and create a new shelve named 'computer science'."
llamatouch-mobile-0869,llamatouch_test,LlamaTouch,test,com.google.android.apps.books,mobile,"On Play Books, turn to search page and check for top selling books."
llamatouch-mobile-0870,llamatouch_test,LlamaTouch,test,com.google.android.apps.books,mobile,"On Play Books, search for book 'The Three-Body Problem' and add it to my wishlist."
llamatouch-mobile-0871,llamatouch_test,LlamaTouch,test,com.google.android.apps.books,mobile,"On Play Books, Serach for book 'The Republic' and view its ratings."
llamatouch-mobile-0872,llamatouch_test,LlamaTouch,test,com.google.android.apps.books,mobile,"On Play Books, download the book sample in my shelve 'computer science'."
llamatouch-mobile-0873,llamatouch_test,LlamaTouch,test,com.naver.webtoon,mobile,"On webtoon app, go to settings and set display as dark theme."
llamatouch-mobile-0874,llamatouch_test,LlamaTouch,test,com.naver.webtoon,mobile,"On webtoon app, go to Spotlight in page 'CANVAS' and check weekly Hot Top 30 in COMEDY genre."
llamatouch-mobile-0875,llamatouch_test,LlamaTouch,test,com.naver.webtoon,mobile,"On webtoon app, go to my series, and continue to watch the first serie of list 'RECENT'."
llamatouch-mobile-0876,llamatouch_test,LlamaTouch,test,com.naver.webtoon,mobile,"On webtoon app, Explore series that are trending now, and subscribe to the first one."
llamatouch-mobile-0877,llamatouch_test,LlamaTouch,test,com.naver.webtoon,mobile,"On webtoon app, Go to the 1st episode of 'Nerd and Jock'."
llamatouch-mobile-0878,llamatouch_test,LlamaTouch,test,com.naver.webtoon,mobile,"On webtoon app, Find serie 'Nerd and Jock', turn to its author's page, and follow him."
llamatouch-mobile-0879,llamatouch_test,LlamaTouch,test,com.dd.doordash,mobile,"On DoorDash, Search for Chinese restaurant under 30 min, and show the first result."
llamatouch-mobile-0880,llamatouch_test,LlamaTouch,test,com.dd.doordash,mobile,"On DoorDash, explore breakfast category, select 'under 30 min', go to the first result."
llamatouch-mobile-0881,llamatouch_test,LlamaTouch,test,com.dd.doordash,mobile,"On DoorDash, go to account page and click 'Saved' to check saved stores."
llamatouch-mobile-0882,llamatouch_test,LlamaTouch,test,com.dd.doordash,mobile,"On DoorDash, checkout ""What people are saying"" of McDonald's."
llamatouch-mobile-0883,llamatouch_test,LlamaTouch,test,com.dd.doordash,mobile,"On DoorDash, turn to page grocery, and select 'view all stores'."
llamatouch-mobile-0884,llamatouch_test,LlamaTouch,test,com.dd.doordash,mobile,"On DoorDash, turn to page Retail, select category 'Flowers', and go to the first result."
llamatouch-mobile-0885,llamatouch_test,LlamaTouch,test,com.dd.doordash,mobile,"On DoorDash, turn to the first one of saved stores, and add the most liked item to my cart."
llamatouch-mobile-0886,llamatouch_test,LlamaTouch,test,com.dd.doordash,mobile,"On DoorDash, turn to the first one of saved stores, start a group order and copy its link."
llamatouch-mobile-0887,llamatouch_test,LlamaTouch,test,com.dd.doordash,mobile,"On DoorDash, remove all my group orders in cart if exist."
llamatouch-mobile-0888,llamatouch_test,LlamaTouch,test,com.google.android.apps.podcasts,mobile,"On google Podcasts, go to page 'Explore' and start playing the most popular podcast right now."
llamatouch-mobile-0889,llamatouch_test,LlamaTouch,test,com.google.android.apps.podcasts,mobile,"On google Podcasts, go to page 'Activity' and click 'History' for previous podcasts."
llamatouch-mobile-0890,llamatouch_test,LlamaTouch,test,com.google.android.apps.podcasts,mobile,"On google Podcasts, go to page 'Activity', turn to 'Subscriptions', and clear all subscriptions I added."
llamatouch-mobile-0891,llamatouch_test,LlamaTouch,test,com.google.android.apps.podcasts,mobile,"On google Podcasts, download the first podcast on my home page."
llamatouch-mobile-0892,llamatouch_test,LlamaTouch,test,com.cnn.mobile.android.phone,mobile,"On CNN app, turn to page 'Listen', click and start playing CNN News Central."
llamatouch-mobile-0893,llamatouch_test,LlamaTouch,test,com.cnn.mobile.android.phone,mobile,"On CNN app, turn to page 'Settings', click 'Edition' and change it to U.S.."
llamatouch-mobile-0894,llamatouch_test,LlamaTouch,test,com.particlenews.newsbreak,mobile,"On NewsBreak app, go to setting and switch to Dark mode."
llamatouch-mobile-0895,llamatouch_test,LlamaTouch,test,com.particlenews.newsbreak,mobile,"On NewsBreak app, go to settings and switch Text size to Large."
llamatouch-mobile-0896,llamatouch_test,LlamaTouch,test,com.particlenews.newsbreak,mobile,"On NewsBreak app, go to category 'tech', and check peoples' reactions for the first news."
llamatouch-mobile-0897,llamatouch_test,LlamaTouch,test,com.particlenews.newsbreak,mobile,"Set California City CA,93505 as my primary location on NewsBreak app."
llamatouch-mobile-0898,llamatouch_test,LlamaTouch,test,com.particlenews.newsbreak,mobile,Edit my top tabs by click '+' on the top bar and add topic 'Traffic' on NewsBreak app.
llamatouch-mobile-0899,llamatouch_test,LlamaTouch,test,com.discord,mobile,Go to 'Edit Profile' and upload my avatar by the photo in my device on Discord app.
llamatouch-mobile-0900,llamatouch_test,LlamaTouch,test,com.discord,mobile,Create a new server named 'homework' by Starting from template 'Study Group' for me and my friends on Discord app.
llamatouch-mobile-0901,llamatouch_test,LlamaTouch,test,com.discord,mobile,Check my notifications and view the first one on Discord app.
llamatouch-mobile-0902,llamatouch_test,LlamaTouch,test,com.discord,mobile,Turn to sever 'homework' and turn on 'Allow Direct Messages' on Discord app.
llamatouch-mobile-0903,llamatouch_test,LlamaTouch,test,com.discord,mobile,Go to Notification Setting on Discord app.
llamatouch-mobile-0904,llamatouch_test,LlamaTouch,test,com.discord,mobile,Go to Settings of server 'Agent Env' on Discord app.
llamatouch-mobile-0905,llamatouch_test,LlamaTouch,test,com.discord,mobile,Go to Friend Request Setting of my account on Discord app.
llamatouch-mobile-0906,llamatouch_test,LlamaTouch,test,com.yelp.android,mobile,Go to page 'Collections' and view all of my collections on Yelp app.
llamatouch-mobile-0907,llamatouch_test,LlamaTouch,test,com.yelp.android,mobile,Go to my notification on Yelp app.
llamatouch-mobile-0908,llamatouch_test,LlamaTouch,test,com.yelp.android,mobile,Go to page 'More' and turn to my recently viewed on Yelp app.
llamatouch-mobile-0909,llamatouch_test,LlamaTouch,test,com.yelp.android,mobile,"Go to page 'More' and turn to my recently viewed, visit the first one and select 'Yes' for 'recommend this business' on Yelp app."
llamatouch-mobile-0910,llamatouch_test,LlamaTouch,test,com.yelp.android,mobile,Go to page 'More' and turn to 'Activity Feed' on Yelp app.
llamatouch-mobile-0911,llamatouch_test,LlamaTouch,test,com.expedia,mobile,Go to inbox and view my notifications on Expedia app.
llamatouch-mobile-0912,llamatouch_test,LlamaTouch,test,com.expedia,mobile,Go to Settings for my account on Expedia app.
llamatouch-mobile-0913,llamatouch_test,LlamaTouch,test,com.expedia,mobile,Go to Profile for my account and click 'edit' for 'Basic information' on Expedia app.
llamatouch-mobile-0914,llamatouch_test,LlamaTouch,test,bbc.mobile.news.ww,mobile,"Open BBC, open the setting."
llamatouch-mobile-0915,llamatouch_test,LlamaTouch,test,bbc.mobile.news.ww,mobile,"Open BBC, go to Explore."
llamatouch-mobile-0916,llamatouch_test,LlamaTouch,test,bbc.mobile.news.ww,mobile,"Open BBC, change the theme to dark mode."
llamatouch-mobile-0917,llamatouch_test,LlamaTouch,test,bbc.mobile.news.ww,mobile,"Open BBC, go to Live."
llamatouch-mobile-0918,llamatouch_test,LlamaTouch,test,com.google.android.apps.maps,mobile,"Open google maps, search for barbecue."
llamatouch-mobile-0919,llamatouch_test,LlamaTouch,test,com.google.android.apps.maps,mobile,"Open google maps, navigate to Profile."
llamatouch-mobile-0920,llamatouch_test,LlamaTouch,test,com.google.android.apps.maps,mobile,"Open google maps, navigate to Updates."
llamatouch-mobile-0921,llamatouch_test,LlamaTouch,test,com.google.android.apps.maps,mobile,"Open google maps, check my starred places."
llamatouch-mobile-0922,llamatouch_test,LlamaTouch,test,com.google.android.apps.maps,mobile,"Open Google maps, navigate home."
llamatouch-mobile-0923,llamatouch_test,LlamaTouch,test,com.google.android.apps.maps,mobile,Open Google maps to view nearby gas stations
llamatouch-mobile-0924,llamatouch_test,LlamaTouch,test,com.google.android.apps.youtube.music,mobile,"Open YT Music, go to Settings."
llamatouch-mobile-0925,llamatouch_test,LlamaTouch,test,com.google.android.apps.youtube.music,mobile,"Open YT Music, check my History."
llamatouch-mobile-0926,llamatouch_test,LlamaTouch,test,com.google.android.apps.youtube.music,mobile,"Open YT Music, check my Downloads."
llamatouch-mobile-0927,llamatouch_test,LlamaTouch,test,com.google.android.apps.youtube.music,mobile,"Open YT Music, search pop music."
llamatouch-mobile-0928,llamatouch_test,LlamaTouch,test,com.google.android.apps.youtube.music,mobile,"Open YT Music, search taylor swift."
llamatouch-mobile-0929,llamatouch_test,LlamaTouch,test,com.google.android.apps.youtube.music,mobile,"Open YT Music, check my channel."
llamatouch-mobile-0930,llamatouch_test,LlamaTouch,test,com.google.android.apps.youtube.music,mobile,"Open YT Music, navigate to Explore."
llamatouch-mobile-0931,llamatouch_test,LlamaTouch,test,com.google.android.apps.youtube.music,mobile,"Open YT Music, navigate to Explore and go to New releases."
llamatouch-mobile-0932,llamatouch_test,LlamaTouch,test,com.google.android.apps.youtube.music,mobile,"Open YT Music, navigate to Samples."
llamatouch-mobile-0933,llamatouch_test,LlamaTouch,test,com.snapchat.android,mobile,Open Snapchat and take a photo.
llamatouch-mobile-0934,llamatouch_test,LlamaTouch,test,com.snapchat.android,mobile,Open Snapchat spotlight page and like the first video.
llamatouch-mobile-0935,llamatouch_test,LlamaTouch,test,com.snapchat.android,mobile,Open Snapchat settings page.
llamatouch-mobile-0936,llamatouch_test,LlamaTouch,test,com.snapchat.android,mobile,Open Snapchat and turn to the personal profile page.
llamatouch-mobile-0937,llamatouch_test,LlamaTouch,test,com.snapchat.android,mobile,Navigate to Snapchat notification settings and turn on 'Dreams Suggestions'.
llamatouch-mobile-0938,llamatouch_test,LlamaTouch,test,com.snapchat.android,mobile,Navigate to Snapchat notification settings and turn off 'Friend Suggestions'.
llamatouch-mobile-0939,llamatouch_test,LlamaTouch,test,com.snapchat.android,mobile,"Navigate to Snapchat settings, switch the app appearance to 'Always Dark' and restart the app."
llamatouch-mobile-0940,llamatouch_test,LlamaTouch,test,com.snapchat.android,mobile,Navigate to Snapchat settings and turn off the 'Birthday Party'.
llamatouch-mobile-0941,llamatouch_test,LlamaTouch,test,com.snapchat.android,mobile,Take a photo in Snapchat and save it to your Memories.
llamatouch-mobile-0942,llamatouch_test,LlamaTouch,test,com.snapchat.android,mobile,Open Snapchat and copy the shared link to invite your friends.
llamatouch-mobile-0943,llamatouch_test,LlamaTouch,test,com.snapchat.android,mobile,Navigate to Snapchat Stories page and copy the first story's shared link.
llamatouch-mobile-0944,llamatouch_test,LlamaTouch,test,com.snapchat.android,mobile,Open Snapchat and create a chat page with someone in the list.
llamatouch-mobile-0945,llamatouch_test,LlamaTouch,test,com.snapchat.android,mobile,Navigate to Snapchat stories page and view one of the story publisher's profile.
llamatouch-mobile-0946,llamatouch_test,LlamaTouch,test,com.lemon.lvoverseas,mobile,Open CapCut and start a new project.
llamatouch-mobile-0947,llamatouch_test,LlamaTouch,test,com.lemon.lvoverseas,mobile,Open CapCut and navigate to 'Me' page.
llamatouch-mobile-0948,llamatouch_test,LlamaTouch,test,com.lemon.lvoverseas,mobile,"Open CapCut, navigate to 'Me' page and view the 'View history'."
llamatouch-mobile-0949,llamatouch_test,LlamaTouch,test,com.lemon.lvoverseas,mobile,"Open CapCut, navigate to 'Me' page and follow one creators."
llamatouch-mobile-0950,llamatouch_test,LlamaTouch,test,com.lemon.lvoverseas,mobile,"Open CapCut, navigate to 'Me' page and view the 'Liked content'."
llamatouch-mobile-0951,llamatouch_test,LlamaTouch,test,com.lemon.lvoverseas,mobile,"Open CapCut, navigate to 'Me' page and open the 'Followers' list."
llamatouch-mobile-0952,llamatouch_test,LlamaTouch,test,com.lemon.lvoverseas,mobile,Open CapCut and like the first template in the 'Templates' page.
llamatouch-mobile-0953,llamatouch_test,LlamaTouch,test,com.lemon.lvoverseas,mobile,Open CapCut and add the first template to favorites in the 'Templates' page.
llamatouch-mobile-0954,llamatouch_test,LlamaTouch,test,com.lemon.lvoverseas,mobile,Open CapCut and open the first 'Business videos' template in the 'Templates' page.
llamatouch-mobile-0955,llamatouch_test,LlamaTouch,test,com.lemon.lvoverseas,mobile,Open the first template in CapCut 'Templates' and view the comments.
llamatouch-mobile-0956,llamatouch_test,LlamaTouch,test,com.lemon.lvoverseas,mobile,Open the first template in CapCut 'Templates' and copy the sared link.
llamatouch-mobile-0957,llamatouch_test,LlamaTouch,test,com.lemon.lvoverseas,mobile,Open CapCut and check the 'Interaction' notifications in 'Inbox' menu.
llamatouch-mobile-0958,llamatouch_test,LlamaTouch,test,com.lemon.lvoverseas,mobile,Open CapCut and view the settings menu in the 'Edit'.
llamatouch-mobile-0959,llamatouch_test,LlamaTouch,test,com.lemon.lvoverseas,mobile,Open CapCut and duplicate one of your projects in the 'Edit'.
llamatouch-mobile-0960,llamatouch_test,LlamaTouch,test,com.lemon.lvoverseas,mobile,Open CapCut and delete one of your projects in the 'Edit'.
llamatouch-mobile-0961,llamatouch_test,LlamaTouch,test,com.lemon.lvoverseas,mobile,Open CapCut and navigate to CapCut's help center in the 'Edit'.
llamatouch-mobile-0962,llamatouch_test,LlamaTouch,test,com.lemon.lvoverseas,mobile,Open CapCut and view the terms of service in the settings.
llamatouch-mobile-0963,llamatouch_test,LlamaTouch,test,com.lemon.lvoverseas,mobile,Open CapCut and clear the cache memory from the settings menu.
llamatouch-mobile-0964,llamatouch_test,LlamaTouch,test,com.lemon.lvoverseas,mobile,Open CapCut and view all of the Explore items in the 'Edit'.
llamatouch-mobile-0965,llamatouch_test,LlamaTouch,test,com.google.android.apps.tasks,mobile,Open the Google Tasks app on the device.
llamatouch-mobile-0966,llamatouch_test,LlamaTouch,test,com.google.android.apps.tasks,mobile,"Open Google Tasks and create a new task named ""Task2""."
llamatouch-mobile-0967,llamatouch_test,LlamaTouch,test,com.google.android.apps.tasks,mobile,"In Google Tasks, add a new list titled ""Personal""."
llamatouch-mobile-0968,llamatouch_test,LlamaTouch,test,com.google.android.apps.tasks,mobile,Open Google Tasks and navigate to your personal profile page.
llamatouch-mobile-0969,llamatouch_test,LlamaTouch,test,com.google.android.apps.tasks,mobile,Open Google Tasks and navigate to the settings menu in the personal profile page.
llamatouch-mobile-0970,llamatouch_test,LlamaTouch,test,com.google.android.apps.tasks,mobile,Open Google Tasks and sort your tasks by 'Date'.
llamatouch-mobile-0971,llamatouch_test,LlamaTouch,test,com.google.android.apps.tasks,mobile,Open Google Tasks and view your starred tasks.
llamatouch-mobile-0972,llamatouch_test,LlamaTouch,test,com.google.android.apps.tasks,mobile,"Open Google Tasks and star ""Task2""."
llamatouch-mobile-0973,llamatouch_test,LlamaTouch,test,com.google.android.apps.tasks,mobile,"Open Google Tasks and mark ""Task2"" as complete."
llamatouch-mobile-0974,llamatouch_test,LlamaTouch,test,com.google.android.apps.tasks,mobile,"Open Google Tasks and delete the list ""Test""."
mind2web-web-0975,m2w_task,Mind2Web,test,https://seatgeek.com,web,Find all events taking place in New York City during the month of September.
mind2web-web-0976,m2w_task,Mind2Web,test,https://seatgeek.com,web,Find help page about buying tickets.
mind2web-web-0977,m2w_task,Mind2Web,test,https://seatgeek.com,web,check two ticket with best seat that has promo code first show happening in Hamilton New York on April.
mind2web-web-0978,m2w_task,Mind2Web,test,https://www.kohls.com,web,Find the cheapest women's plus size brown color loungewear in 3xl size.
mind2web-web-0979,m2w_task,Mind2Web,test,https://www.budget.com,web,"Rent a truck with the lowest rent with two dozen furniture pads for 100 miles at zip 08817 on April 12 at 2:30 pm rented truck is to be returned to the exact location and date, and the pickup and drop off will be at the nearest location."
mind2web-web-0980,m2w_task,Mind2Web,test,https://www.carmax.com,web,search gas pickup truck in Fremont with 2010 and 2017 with less than 80000 mile
mind2web-web-0981,m2w_task,Mind2Web,test,https://www.delta.com,web,find my trip with confirmation number SFTBAO including first and last name Joe Lukeman
mind2web-web-0982,m2w_task,Mind2Web,test,https://www.delta.com,web,Find the status of March 25 flights from New York airports to Columbus in Ohio.
mind2web-web-0983,m2w_task,Mind2Web,test,https://www.ticketcenter.com,web,Browse the venues that are playing the Wicked show from Oct 5 to Oct 24 2023
mind2web-web-0984,m2w_task,Mind2Web,test,https://www.sixflags.com,web,"Buy a diamond pass in New York's, Great escape park, add one meal dining plan to it, and select the flexible payment plan for Jame Jones. The email address is jame_jones@hotmail.com, zip code 10005 and age is 35."
mind2web-web-0985,m2w_task,Mind2Web,test,https://www.viator.com,web,Add to my wish list the highest rated activity in Amsterdam.
mind2web-web-0986,m2w_task,Mind2Web,test,https://www.imdb.com,web,Find the movie Donnie Darko and show its complete cast.
mind2web-web-0987,m2w_task,Mind2Web,test,https://www.imdb.com,web,Browse the list of top 250 movies and add the first one to my watchlist.
mind2web-web-0988,m2w_task,Mind2Web,test,https://www.carmax.com,web,"see Nissan and Honda cars for sale near Kentwood, MI 49512"
mind2web-web-0989,m2w_task,Mind2Web,test,https://www.newegg.com,web,Build an entry-level pc with an windows 11 64 bit intel i7 CPU with a256gb ssd drive +  4gb ram and adding cheapest component and accessories available.
mind2web-web-0990,m2w_task,Mind2Web,test,https://www.newegg.com,web,"Find 32"" Curved monitor and add the third one to the wish list."
mind2web-web-0991,m2w_task,Mind2Web,test,https://www.underarmour.com,web,"Search the cheapest Curry brand unisex athletic shoes with the number 5.5, add to cart and checkout."
mind2web-web-0992,m2w_task,Mind2Web,test,https://www.kohls.com,web,Browse spider-man toys for kids and sort by lowest price.
mind2web-web-0993,m2w_task,Mind2Web,test,https://www.gamestop.com,web,Find the store location and hours of the closest Gamestop to zip code 90028 and set as home store
mind2web-web-0994,m2w_task,Mind2Web,test,https://www.tvguide.com,web,Find and view the biography for the Host of the Price  is Right.
mind2web-web-0995,m2w_task,Mind2Web,test,https://www.airbnb.com,web,Find a private room in New York for 1 April and checkout on 2 April for 2 adults
mind2web-web-0996,m2w_task,Mind2Web,test,https://new.mta.info,web,Check the status of train S92 for any disruptions.
mind2web-web-0997,m2w_task,Mind2Web,test,https://new.mta.info,web,Get the report from the final environmental impact statement for the Jamaica Bus Depot expansion.
mind2web-web-0998,m2w_task,Mind2Web,test,https://new.mta.info,web,Plan a trip to reach JFK airport from central park by 11am on April 12
mind2web-web-0999,m2w_task,Mind2Web,test,https://www.redbox.com,web,"Rent "" The Whale "" movie on demand with format ""high definition""."
mind2web-web-1000,m2w_task,Mind2Web,test,https://www.eventbrite.com,web,Browse the page with event planning tips.
